time,o,h,l,c,volume,complete
2024-09-23 00:00:00+00:00,2620.28,2620.28,2619.76,2620.07,119,True
2024-09-23 00:01:00+00:00,2620.075,2620.275,2619.98,2620.27,106,True
2024-09-23 00:02:00+00:00,2620.185,2620.185,2619.665,2619.68,77,True
2024-09-23 00:03:00+00:00,2619.84,2619.99,2619.455,2619.505,102,True
2024-09-23 00:04:00+00:00,2619.515,2619.755,2619.43,2619.455,78,True
2024-09-23 00:05:00+00:00,2619.42,2619.435,2619.12,2619.12,57,True
2024-09-23 00:06:00+00:00,2619.105,2619.34,2619.105,2619.325,67,True
2024-09-23 00:07:00+00:00,2619.32,2619.53,2619.315,2619.455,66,True
2024-09-23 00:08:00+00:00,2619.465,2619.475,2619.11,2619.14,69,True
2024-09-23 00:09:00+00:00,2619.16,2619.22,2618.865,2618.925,73,True
2024-09-23 00:10:00+00:00,2618.92,2619.425,2618.905,2619.425,63,True
2024-09-23 00:11:00+00:00,2619.44,2619.46,2619.215,2619.295,61,True
2024-09-23 00:12:00+00:00,2619.285,2619.575,2619.125,2619.175,95,True
2024-09-23 00:13:00+00:00,2619.255,2619.51,2619.255,2619.505,52,True
2024-09-23 00:14:00+00:00,2619.585,2619.6,2619.205,2619.205,47,True
2024-09-23 00:15:00+00:00,2619.155,2619.405,2619.145,2619.23,39,True
2024-09-23 00:16:00+00:00,2619.235,2619.31,2619.11,2619.225,48,True
2024-09-23 00:17:00+00:00,2619.205,2619.3,2619.1,2619.265,43,True
2024-09-23 00:18:00+00:00,2619.25,2619.625,2619.235,2619.6,42,True
2024-09-23 00:19:00+00:00,2619.57,2619.905,2619.57,2619.79,69,True
2024-09-23 00:20:00+00:00,2619.735,2619.905,2619.735,2619.81,43,True
2024-09-23 00:21:00+00:00,2619.805,2619.905,2619.715,2619.815,41,True
2024-09-23 00:22:00+00:00,2619.81,2619.965,2619.59,2619.72,62,True
2024-09-23 00:23:00+00:00,2619.71,2619.73,2619.505,2619.605,55,True
2024-09-23 00:24:00+00:00,2619.62,2619.665,2619.59,2619.625,43,True
2024-09-23 00:25:00+00:00,2619.62,2619.625,2619.385,2619.51,54,True
2024-09-23 00:26:00+00:00,2619.585,2619.835,2619.585,2619.8,36,True
2024-09-23 00:27:00+00:00,2619.79,2619.8,2619.66,2619.77,39,True
2024-09-23 00:28:00+00:00,2619.745,2620.295,2619.745,2620.17,69,True
2024-09-23 00:29:00+00:00,2620.175,2620.185,2619.97,2620.105,49,True
2024-09-23 00:30:00+00:00,2620.11,2620.14,2620.0,2620.065,42,True
2024-09-23 00:31:00+00:00,2620.055,2620.465,2620.055,2620.27,36,True
2024-09-23 00:32:00+00:00,2620.28,2620.305,2620.105,2620.12,32,True
2024-09-23 00:33:00+00:00,2620.09,2620.105,2619.785,2619.8,60,True
2024-09-23 00:34:00+00:00,2619.795,2619.8,2619.485,2619.58,64,True
2024-09-23 00:35:00+00:00,2619.575,2619.685,2619.54,2619.54,49,True
2024-09-23 00:36:00+00:00,2619.53,2619.85,2619.53,2619.805,22,True
2024-09-23 00:37:00+00:00,2619.82,2619.82,2619.215,2619.215,47,True
2024-09-23 00:38:00+00:00,2619.235,2619.54,2619.22,2619.53,30,True
2024-09-23 00:39:00+00:00,2619.555,2619.615,2619.43,2619.55,36,True
2024-09-23 00:40:00+00:00,2619.515,2619.515,2618.995,2618.995,24,True
2024-09-23 00:41:00+00:00,2619.0,2619.185,2618.93,2619.11,47,True
2024-09-23 00:42:00+00:00,2619.1,2619.115,2619.005,2619.105,21,True
2024-09-23 00:43:00+00:00,2619.11,2619.115,2619.055,2619.06,11,True
2024-09-23 00:44:00+00:00,2619.065,2619.065,2618.495,2618.62,54,True
2024-09-23 00:45:00+00:00,2618.64,2618.81,2618.315,2618.41,23,True
2024-09-23 00:46:00+00:00,2618.415,2618.74,2618.41,2618.735,69,True
2024-09-23 00:47:00+00:00,2618.72,2618.9,2618.7,2618.835,38,True
2024-09-23 00:48:00+00:00,2618.825,2619.03,2618.73,2618.98,62,True
2024-09-23 00:49:00+00:00,2618.985,2619.335,2618.975,2619.18,64,True
2024-09-23 00:50:00+00:00,2619.185,2619.22,2619.08,2619.16,40,True
2024-09-23 00:51:00+00:00,2619.08,2619.155,2618.74,2618.74,90,True
2024-09-23 00:52:00+00:00,2618.715,2618.85,2618.56,2618.7,30,True
2024-09-23 00:53:00+00:00,2618.725,2619.035,2618.67,2618.87,44,True
2024-09-23 00:54:00+00:00,2618.9,2619.175,2618.9,2619.17,25,True
2024-09-23 00:55:00+00:00,2619.155,2619.165,2618.9,2618.9,17,True
2024-09-23 00:56:00+00:00,2618.905,2618.91,2618.655,2618.745,42,True
2024-09-23 00:57:00+00:00,2618.725,2618.855,2618.725,2618.762,39,True
2024-09-23 00:58:00+00:00,2618.765,2618.85,2618.745,2618.745,22,True
2024-09-23 00:59:00+00:00,2618.755,2618.775,2618.265,2618.415,38,True
2024-09-23 01:00:00+00:00,2618.33,2618.33,2617.36,2617.48,267,True
2024-09-23 01:01:00+00:00,2617.49,2617.59,2616.455,2616.52,331,True
2024-09-23 01:02:00+00:00,2616.47,2616.895,2616.175,2616.86,249,True
2024-09-23 01:03:00+00:00,2616.86,2617.855,2616.79,2617.055,286,True
2024-09-23 01:04:00+00:00,2617.06,2617.81,2617.01,2617.68,297,True
2024-09-23 01:05:00+00:00,2617.675,2618.215,2617.41,2617.61,297,True
2024-09-23 01:06:00+00:00,2617.59,2618.03,2617.07,2617.13,247,True
2024-09-23 01:07:00+00:00,2617.125,2618.44,2617.08,2618.365,242,True
2024-09-23 01:08:00+00:00,2618.28,2618.535,2618.065,2618.275,171,True
2024-09-23 01:09:00+00:00,2618.36,2618.685,2618.05,2618.295,192,True
2024-09-23 01:10:00+00:00,2618.355,2618.69,2617.98,2618.385,193,True
2024-09-23 01:11:00+00:00,2618.39,2618.76,2618.195,2618.54,140,True
2024-09-23 01:12:00+00:00,2618.535,2618.785,2618.17,2618.76,116,True
2024-09-23 01:13:00+00:00,2618.725,2619.46,2618.725,2619.085,162,True
2024-09-23 01:14:00+00:00,2619.15,2619.61,2619.15,2619.535,195,True
2024-09-23 01:15:00+00:00,2619.5,2620.37,2619.47,2620.275,285,True
2024-09-23 01:16:00+00:00,2620.28,2620.58,2619.575,2619.68,260,True
2024-09-23 01:17:00+00:00,2619.685,2619.75,2619.165,2619.27,221,True
2024-09-23 01:18:00+00:00,2619.265,2619.28,2618.475,2618.595,277,True
2024-09-23 01:19:00+00:00,2618.585,2619.385,2618.38,2619.27,190,True
2024-09-23 01:20:00+00:00,2619.265,2620.01,2619.265,2619.99,166,True
2024-09-23 01:21:00+00:00,2619.995,2620.18,2619.795,2620.09,141,True
2024-09-23 01:22:00+00:00,2620.095,2620.485,2619.93,2620.1,196,True
2024-09-23 01:23:00+00:00,2620.055,2620.34,2619.93,2620.23,251,True
2024-09-23 01:24:00+00:00,2620.225,2620.3,2619.235,2619.245,221,True
2024-09-23 01:25:00+00:00,2619.17,2619.17,2618.135,2618.195,346,True
2024-09-23 01:26:00+00:00,2618.2,2618.225,2617.265,2617.53,331,True
2024-09-23 01:27:00+00:00,2617.545,2618.435,2617.545,2618.38,197,True
2024-09-23 01:28:00+00:00,2618.375,2618.715,2618.165,2618.645,232,True
2024-09-23 01:29:00+00:00,2618.56,2619.1,2618.56,2618.955,178,True
2024-09-23 01:30:00+00:00,2618.93,2619.38,2618.06,2618.37,304,True
2024-09-23 01:31:00+00:00,2618.36,2618.78,2618.085,2618.65,181,True
2024-09-23 01:32:00+00:00,2618.645,2619.32,2618.55,2619.285,167,True
2024-09-23 01:33:00+00:00,2619.31,2619.545,2619.305,2619.335,154,True
2024-09-23 01:34:00+00:00,2619.345,2620.175,2619.075,2620.175,161,True
2024-09-23 01:35:00+00:00,2620.125,2620.635,2619.36,2619.685,242,True
2024-09-23 01:36:00+00:00,2619.695,2620.275,2619.425,2620.275,207,True
2024-09-23 01:37:00+00:00,2620.285,2620.505,2619.885,2619.98,150,True
2024-09-23 01:38:00+00:00,2620.0,2620.69,2619.855,2620.68,163,True
2024-09-23 01:39:00+00:00,2620.7,2621.09,2620.66,2621.09,155,True
2024-09-23 01:40:00+00:00,2621.08,2621.1,2620.35,2620.85,165,True
2024-09-23 01:41:00+00:00,2620.86,2621.585,2620.74,2621.07,237,True
2024-09-23 01:42:00+00:00,2621.06,2621.345,2620.965,2621.1,142,True
2024-09-23 01:43:00+00:00,2621.095,2621.185,2620.59,2620.88,174,True
2024-09-23 01:44:00+00:00,2620.805,2621.495,2620.675,2621.12,191,True
2024-09-23 01:45:00+00:00,2621.13,2621.245,2620.4,2620.425,192,True
2024-09-23 01:46:00+00:00,2620.43,2621.295,2620.305,2620.69,217,True
2024-09-23 01:47:00+00:00,2620.645,2621.125,2620.545,2621.035,223,True
2024-09-23 01:48:00+00:00,2621.04,2621.375,2620.85,2621.135,207,True
2024-09-23 01:49:00+00:00,2621.13,2621.325,2621.035,2621.21,162,True
2024-09-23 01:50:00+00:00,2621.18,2621.345,2620.83,2620.83,161,True
2024-09-23 01:51:00+00:00,2620.825,2620.83,2620.375,2620.725,178,True
2024-09-23 01:52:00+00:00,2620.695,2621.235,2620.605,2620.895,137,True
2024-09-23 01:53:00+00:00,2620.88,2620.925,2620.205,2620.23,137,True
2024-09-23 01:54:00+00:00,2620.24,2620.32,2620.055,2620.205,163,True
2024-09-23 01:55:00+00:00,2620.18,2620.775,2620.01,2620.515,134,True
2024-09-23 01:56:00+00:00,2620.6,2620.895,2620.145,2620.515,168,True
2024-09-23 01:57:00+00:00,2620.535,2620.73,2620.33,2620.37,150,True
2024-09-23 01:58:00+00:00,2620.42,2620.82,2620.295,2620.81,184,True
2024-09-23 01:59:00+00:00,2620.775,2620.775,2620.2,2620.225,163,True
2024-09-23 02:00:00+00:00,2620.23,2620.605,2619.855,2620.45,213,True
2024-09-23 02:01:00+00:00,2620.445,2620.73,2620.27,2620.41,165,True
2024-09-23 02:02:00+00:00,2620.305,2620.33,2619.865,2620.115,141,True
2024-09-23 02:03:00+00:00,2620.05,2620.105,2619.455,2619.535,89,True
2024-09-23 02:04:00+00:00,2619.555,2619.555,2618.965,2619.335,131,True
2024-09-23 02:05:00+00:00,2619.33,2619.335,2618.955,2618.965,174,True
2024-09-23 02:06:00+00:00,2618.97,2619.335,2618.87,2619.31,183,True
2024-09-23 02:07:00+00:00,2619.315,2619.785,2619.315,2619.695,156,True
2024-09-23 02:08:00+00:00,2619.69,2619.745,2619.29,2619.73,146,True
2024-09-23 02:09:00+00:00,2619.765,2619.77,2619.235,2619.545,116,True
2024-09-23 02:10:00+00:00,2619.54,2619.735,2619.435,2619.66,95,True
2024-09-23 02:11:00+00:00,2619.57,2619.755,2619.335,2619.5,89,True
2024-09-23 02:12:00+00:00,2619.545,2620.095,2619.335,2620.055,97,True
2024-09-23 02:13:00+00:00,2620.06,2620.31,2619.93,2620.245,173,True
2024-09-23 02:14:00+00:00,2620.24,2620.455,2620.03,2620.25,164,True
2024-09-23 02:15:00+00:00,2620.29,2620.29,2620.09,2620.14,63,True
2024-09-23 02:16:00+00:00,2620.135,2620.25,2619.93,2619.995,92,True
2024-09-23 02:17:00+00:00,2619.9,2620.17,2619.835,2620.165,101,True
2024-09-23 02:18:00+00:00,2620.175,2620.29,2619.76,2619.95,74,True
2024-09-23 02:19:00+00:00,2619.945,2620.005,2619.75,2619.885,87,True
2024-09-23 02:20:00+00:00,2619.93,2619.975,2619.675,2619.875,81,True
2024-09-23 02:21:00+00:00,2619.87,2619.975,2619.75,2619.75,65,True
2024-09-23 02:22:00+00:00,2619.755,2619.92,2619.69,2619.92,60,True
2024-09-23 02:23:00+00:00,2620.005,2620.08,2619.76,2619.9,98,True
2024-09-23 02:24:00+00:00,2619.895,2620.205,2619.835,2620.16,155,True
2024-09-23 02:25:00+00:00,2620.165,2620.3,2620.05,2620.285,86,True
2024-09-23 02:26:00+00:00,2620.28,2620.455,2620.195,2620.395,83,True
2024-09-23 02:27:00+00:00,2620.505,2620.605,2620.315,2620.315,75,True
2024-09-23 02:28:00+00:00,2620.325,2620.655,2620.315,2620.57,106,True
2024-09-23 02:29:00+00:00,2620.6,2620.975,2620.555,2620.835,163,True
2024-09-23 02:30:00+00:00,2620.755,2621.295,2620.615,2621.295,136,True
2024-09-23 02:31:00+00:00,2621.3,2621.88,2621.035,2621.735,154,True
2024-09-23 02:32:00+00:00,2621.73,2622.485,2621.59,2622.445,254,True
2024-09-23 02:33:00+00:00,2622.44,2623.195,2622.135,2623.19,204,True
2024-09-23 02:34:00+00:00,2623.285,2623.65,2622.98,2623.45,255,True
2024-09-23 02:35:00+00:00,2623.415,2624.205,2623.365,2624.175,221,True
2024-09-23 02:36:00+00:00,2624.16,2625.915,2624.15,2625.065,327,True
2024-09-23 02:37:00+00:00,2625.02,2625.295,2624.695,2624.945,248,True
2024-09-23 02:38:00+00:00,2624.94,2625.035,2624.32,2624.765,248,True
2024-09-23 02:39:00+00:00,2624.77,2624.95,2624.375,2624.945,274,True
2024-09-23 02:40:00+00:00,2624.915,2625.1,2624.42,2624.635,227,True
2024-09-23 02:41:00+00:00,2624.62,2624.655,2623.995,2624.5,208,True
2024-09-23 02:42:00+00:00,2624.475,2624.605,2624.235,2624.405,157,True
2024-09-23 02:43:00+00:00,2624.41,2624.625,2624.155,2624.45,134,True
2024-09-23 02:44:00+00:00,2624.41,2624.52,2622.625,2623.055,229,True
2024-09-23 02:45:00+00:00,2623.045,2623.97,2622.545,2622.675,184,True
2024-09-23 02:46:00+00:00,2622.66,2623.05,2622.375,2622.935,185,True
2024-09-23 02:47:00+00:00,2622.94,2623.315,2622.84,2623.175,164,True
2024-09-23 02:48:00+00:00,2623.17,2624.195,2623.14,2624.12,214,True
2024-09-23 02:49:00+00:00,2624.115,2624.14,2623.465,2623.465,220,True
2024-09-23 02:50:00+00:00,2623.595,2623.965,2623.57,2623.795,56,True
2024-09-23 02:51:00+00:00,2623.815,2623.99,2623.685,2623.755,155,True
2024-09-23 02:52:00+00:00,2623.81,2624.43,2623.775,2624.405,151,True
2024-09-23 02:53:00+00:00,2624.415,2624.995,2624.415,2624.93,146,True
2024-09-23 02:54:00+00:00,2624.94,2625.57,2624.895,2625.48,177,True
2024-09-23 02:55:00+00:00,2625.485,2625.53,2624.655,2624.98,204,True
2024-09-23 02:56:00+00:00,2624.975,2625.595,2624.9,2625.555,121,True
2024-09-23 02:57:00+00:00,2625.56,2626.4,2625.45,2625.51,280,True
2024-09-23 02:58:00+00:00,2625.515,2626.14,2625.42,2625.955,293,True
2024-09-23 02:59:00+00:00,2625.96,2625.97,2625.21,2625.415,215,True
2024-09-23 03:00:00+00:00,2625.365,2626.09,2624.91,2625.755,206,True
2024-09-23 03:01:00+00:00,2625.765,2625.79,2625.315,2625.65,216,True
2024-09-23 03:02:00+00:00,2625.715,2625.945,2625.585,2625.625,168,True
2024-09-23 03:03:00+00:00,2625.61,2626.13,2625.6,2626.09,191,True
2024-09-23 03:04:00+00:00,2626.095,2627.325,2625.97,2627.155,257,True
2024-09-23 03:05:00+00:00,2627.12,2627.285,2626.77,2626.88,196,True
2024-09-23 03:06:00+00:00,2626.82,2627.175,2626.61,2627.045,108,True
2024-09-23 03:07:00+00:00,2627.05,2628.025,2626.99,2627.54,281,True
2024-09-23 03:08:00+00:00,2627.59,2628.05,2627.585,2627.75,217,True
2024-09-23 03:09:00+00:00,2627.74,2627.785,2627.44,2627.6,193,True
2024-09-23 03:10:00+00:00,2627.535,2627.945,2627.505,2627.645,186,True
2024-09-23 03:11:00+00:00,2627.78,2628.345,2627.78,2628.095,164,True
2024-09-23 03:12:00+00:00,2628.17,2628.21,2627.95,2628.105,124,True
2024-09-23 03:13:00+00:00,2628.08,2628.355,2627.88,2627.88,158,True
2024-09-23 03:14:00+00:00,2627.875,2628.06,2627.7,2628.06,145,True
2024-09-23 03:15:00+00:00,2628.08,2628.39,2627.985,2628.185,155,True
2024-09-23 03:16:00+00:00,2628.295,2628.455,2628.1,2628.28,129,True
2024-09-23 03:17:00+00:00,2628.285,2628.365,2628.12,2628.33,106,True
2024-09-23 03:18:00+00:00,2628.325,2629.255,2628.325,2628.6,291,True
2024-09-23 03:19:00+00:00,2628.55,2628.87,2628.425,2628.705,189,True
2024-09-23 03:20:00+00:00,2628.685,2628.69,2628.105,2628.16,143,True
2024-09-23 03:21:00+00:00,2628.17,2628.465,2627.79,2628.46,157,True
2024-09-23 03:22:00+00:00,2628.465,2628.985,2628.455,2628.905,155,True
2024-09-23 03:23:00+00:00,2628.93,2629.855,2628.9,2629.735,286,True
2024-09-23 03:24:00+00:00,2629.745,2629.785,2629.265,2629.68,261,True
2024-09-23 03:25:00+00:00,2629.735,2629.995,2629.395,2629.88,209,True
2024-09-23 03:26:00+00:00,2629.935,2630.205,2629.89,2630.03,258,True
2024-09-23 03:27:00+00:00,2630.015,2630.495,2629.76,2630.4,270,True
2024-09-23 03:28:00+00:00,2630.375,2630.53,2630.27,2630.52,162,True
2024-09-23 03:29:00+00:00,2630.525,2631.025,2630.18,2630.925,169,True
2024-09-23 03:30:00+00:00,2630.86,2631.085,2630.38,2631.04,117,True
2024-09-23 03:31:00+00:00,2631.035,2631.165,2630.82,2631.04,87,True
2024-09-23 03:32:00+00:00,2631.02,2631.18,2630.695,2630.88,95,True
2024-09-23 03:33:00+00:00,2630.875,2631.185,2630.875,2631.095,88,True
2024-09-23 03:34:00+00:00,2631.06,2631.065,2630.425,2630.565,125,True
2024-09-23 03:35:00+00:00,2630.66,2631.115,2630.57,2630.92,69,True
2024-09-23 03:36:00+00:00,2630.905,2630.905,2629.445,2629.5,94,True
2024-09-23 03:37:00+00:00,2629.405,2629.405,2628.635,2628.845,188,True
2024-09-23 03:38:00+00:00,2628.83,2629.68,2628.805,2629.25,138,True
2024-09-23 03:39:00+00:00,2629.255,2629.47,2629.085,2629.18,74,True
2024-09-23 03:40:00+00:00,2629.16,2629.255,2628.94,2629.055,96,True
2024-09-23 03:41:00+00:00,2629.065,2629.36,2628.835,2628.875,82,True
2024-09-23 03:42:00+00:00,2628.875,2628.905,2628.045,2628.16,112,True
2024-09-23 03:43:00+00:00,2628.155,2628.59,2628.0,2628.5,100,True
2024-09-23 03:44:00+00:00,2628.505,2628.6,2628.21,2628.34,71,True
2024-09-23 03:45:00+00:00,2628.315,2628.58,2628.28,2628.345,62,True
2024-09-23 03:46:00+00:00,2628.37,2628.485,2628.3,2628.3,56,True
2024-09-23 03:47:00+00:00,2628.295,2628.67,2628.265,2628.62,73,True
2024-09-23 03:48:00+00:00,2628.61,2628.77,2628.17,2628.46,119,True
2024-09-23 03:49:00+00:00,2628.42,2628.43,2628.2,2628.21,73,True
2024-09-23 03:50:00+00:00,2628.205,2628.46,2628.025,2628.355,88,True
2024-09-23 03:51:00+00:00,2628.35,2628.585,2628.295,2628.58,57,True
2024-09-23 03:52:00+00:00,2628.5,2628.69,2628.44,2628.515,70,True
2024-09-23 03:53:00+00:00,2628.485,2629.145,2628.145,2629.04,138,True
2024-09-23 03:54:00+00:00,2629.035,2629.09,2628.75,2628.75,124,True
2024-09-23 03:55:00+00:00,2628.775,2628.785,2628.195,2628.395,126,True
2024-09-23 03:56:00+00:00,2628.39,2628.605,2628.38,2628.585,47,True
2024-09-23 03:57:00+00:00,2628.575,2628.58,2628.325,2628.335,34,True
2024-09-23 03:58:00+00:00,2628.35,2628.35,2628.26,2628.285,42,True
2024-09-23 03:59:00+00:00,2628.285,2628.7,2628.275,2628.56,75,True
2024-09-23 04:00:00+00:00,2628.555,2628.71,2628.26,2628.36,62,True
2024-09-23 04:01:00+00:00,2628.305,2628.485,2628.065,2628.445,63,True
2024-09-23 04:02:00+00:00,2628.45,2628.75,2628.445,2628.53,62,True
2024-09-23 04:03:00+00:00,2628.485,2628.575,2628.365,2628.365,43,True
2024-09-23 04:04:00+00:00,2628.425,2628.45,2628.25,2628.305,44,True
2024-09-23 04:05:00+00:00,2628.345,2628.46,2628.17,2628.45,45,True
2024-09-23 04:06:00+00:00,2628.445,2628.73,2628.38,2628.705,44,True
2024-09-23 04:07:00+00:00,2628.715,2629.455,2628.345,2629.325,110,True
2024-09-23 04:08:00+00:00,2629.365,2630.61,2629.34,2630.53,171,True
2024-09-23 04:09:00+00:00,2630.515,2630.785,2630.455,2630.47,147,True
2024-09-23 04:10:00+00:00,2630.48,2630.84,2630.235,2630.275,178,True
2024-09-23 04:11:00+00:00,2630.28,2630.53,2630.17,2630.215,122,True
2024-09-23 04:12:00+00:00,2630.205,2630.44,2630.175,2630.38,112,True
2024-09-23 04:13:00+00:00,2630.375,2630.855,2630.365,2630.72,117,True
2024-09-23 04:14:00+00:00,2630.715,2631.14,2630.655,2630.925,113,True
2024-09-23 04:15:00+00:00,2630.92,2631.0,2630.67,2630.67,55,True
2024-09-23 04:16:00+00:00,2630.675,2630.7,2629.84,2629.935,104,True
2024-09-23 04:17:00+00:00,2629.885,2629.945,2629.435,2629.63,60,True
2024-09-23 04:18:00+00:00,2629.665,2629.71,2629.49,2629.62,59,True
2024-09-23 04:19:00+00:00,2629.61,2630.14,2629.6,2629.73,67,True
2024-09-23 04:20:00+00:00,2629.725,2629.815,2629.605,2629.665,118,True
2024-09-23 04:21:00+00:00,2629.68,2630.03,2629.145,2629.165,94,True
2024-09-23 04:22:00+00:00,2629.455,2629.64,2629.41,2629.61,77,True
2024-09-23 04:23:00+00:00,2629.615,2629.82,2629.585,2629.625,53,True
2024-09-23 04:24:00+00:00,2629.605,2629.72,2629.455,2629.625,83,True
2024-09-23 04:25:00+00:00,2629.555,2629.69,2629.415,2629.69,60,True
2024-09-23 04:26:00+00:00,2629.685,2629.98,2629.64,2629.915,51,True
2024-09-23 04:27:00+00:00,2629.92,2630.015,2629.805,2629.92,46,True
2024-09-23 04:28:00+00:00,2629.935,2630.06,2629.73,2629.835,82,True
2024-09-23 04:29:00+00:00,2629.84,2629.92,2629.585,2629.585,62,True
2024-09-23 04:30:00+00:00,2629.58,2629.865,2629.58,2629.71,47,True
2024-09-23 04:31:00+00:00,2629.67,2629.815,2629.67,2629.815,21,True
2024-09-23 04:32:00+00:00,2629.82,2630.005,2629.815,2629.99,20,True
2024-09-23 04:33:00+00:00,2630.005,2630.035,2629.82,2629.82,32,True
2024-09-23 04:34:00+00:00,2629.785,2629.87,2629.68,2629.73,39,True
2024-09-23 04:35:00+00:00,2629.735,2629.745,2629.62,2629.74,18,True
2024-09-23 04:36:00+00:00,2629.745,2630.03,2629.73,2629.925,56,True
2024-09-23 04:37:00+00:00,2629.88,2630.035,2629.88,2630.025,21,True
2024-09-23 04:38:00+00:00,2630.03,2630.035,2629.89,2629.93,19,True
2024-09-23 04:39:00+00:00,2629.965,2629.98,2629.73,2629.835,37,True
2024-09-23 04:40:00+00:00,2629.825,2629.95,2629.565,2629.83,35,True
2024-09-23 04:41:00+00:00,2629.835,2629.905,2629.795,2629.795,23,True
2024-09-23 04:42:00+00:00,2629.8,2630.105,2629.795,2630.1,32,True
2024-09-23 04:43:00+00:00,2630.105,2630.13,2629.845,2629.86,31,True
2024-09-23 04:44:00+00:00,2629.845,2629.895,2629.55,2629.605,43,True
2024-09-23 04:45:00+00:00,2629.595,2630.28,2629.595,2630.2,53,True
2024-09-23 04:46:00+00:00,2630.09,2630.1,2629.925,2629.96,42,True
2024-09-23 04:47:00+00:00,2629.955,2630.22,2629.86,2630.16,66,True
2024-09-23 04:48:00+00:00,2630.165,2630.45,2630.145,2630.345,50,True
2024-09-23 04:49:00+00:00,2630.31,2630.32,2629.82,2630.135,80,True
2024-09-23 04:50:00+00:00,2630.14,2630.14,2629.82,2629.82,59,True
2024-09-23 04:51:00+00:00,2629.83,2630.025,2629.805,2630.025,43,True
2024-09-23 04:52:00+00:00,2630.02,2630.315,2629.7,2630.165,116,True
2024-09-23 04:53:00+00:00,2630.1,2630.16,2629.875,2629.875,66,True
2024-09-23 04:54:00+00:00,2629.87,2629.95,2629.685,2629.905,61,True
2024-09-23 04:55:00+00:00,2629.915,2629.935,2629.805,2629.905,35,True
2024-09-23 04:56:00+00:00,2629.9,2629.91,2629.315,2629.385,52,True
2024-09-23 04:57:00+00:00,2629.38,2629.56,2629.205,2629.27,79,True
2024-09-23 04:58:00+00:00,2629.29,2629.335,2629.085,2629.2,72,True
2024-09-23 04:59:00+00:00,2629.17,2629.61,2629.1,2629.5,51,True
2024-09-23 05:00:00+00:00,2629.495,2629.755,2629.38,2629.61,63,True
2024-09-23 05:01:00+00:00,2629.665,2629.705,2629.37,2629.56,90,True
2024-09-23 05:02:00+00:00,2629.675,2630.175,2629.615,2630.17,135,True
2024-09-23 05:03:00+00:00,2630.165,2630.265,2629.795,2630.07,75,True
2024-09-23 05:04:00+00:00,2630.145,2630.42,2629.755,2629.77,81,True
2024-09-23 05:05:00+00:00,2629.775,2629.775,2629.365,2629.455,85,True
2024-09-23 05:06:00+00:00,2629.46,2629.63,2628.915,2629.1,118,True
2024-09-23 05:07:00+00:00,2629.095,2629.465,2629.095,2629.385,37,True
2024-09-23 05:08:00+00:00,2629.395,2629.395,2629.11,2629.14,68,True
2024-09-23 05:09:00+00:00,2629.115,2629.17,2628.175,2628.19,146,True
2024-09-23 05:10:00+00:00,2628.185,2628.44,2627.755,2627.815,157,True
2024-09-23 05:11:00+00:00,2627.88,2628.035,2627.09,2627.135,175,True
2024-09-23 05:12:00+00:00,2627.13,2627.17,2626.84,2626.985,106,True
2024-09-23 05:13:00+00:00,2627.065,2627.465,2627.045,2627.465,114,True
2024-09-23 05:14:00+00:00,2627.415,2628.085,2627.375,2628.015,137,True
2024-09-23 05:15:00+00:00,2628.02,2629.12,2628.02,2629.015,146,True
2024-09-23 05:16:00+00:00,2628.98,2628.98,2628.51,2628.74,102,True
2024-09-23 05:17:00+00:00,2628.755,2628.83,2628.43,2628.63,103,True
2024-09-23 05:18:00+00:00,2628.675,2628.805,2628.13,2628.13,69,True
2024-09-23 05:19:00+00:00,2628.135,2628.455,2628.005,2628.45,59,True
2024-09-23 05:20:00+00:00,2628.46,2628.515,2628.21,2628.31,63,True
2024-09-23 05:21:00+00:00,2628.315,2628.62,2627.88,2627.88,95,True
2024-09-23 05:22:00+00:00,2627.86,2628.025,2627.775,2627.785,77,True
2024-09-23 05:23:00+00:00,2627.79,2628.37,2627.79,2628.07,41,True
2024-09-23 05:24:00+00:00,2627.975,2628.805,2627.975,2628.8,91,True
2024-09-23 05:25:00+00:00,2628.86,2628.86,2628.615,2628.675,43,True
2024-09-23 05:26:00+00:00,2628.685,2628.935,2628.685,2628.73,63,True
2024-09-23 05:27:00+00:00,2628.54,2628.55,2628.35,2628.535,57,True
2024-09-23 05:28:00+00:00,2628.645,2628.75,2628.62,2628.63,41,True
2024-09-23 05:29:00+00:00,2628.66,2628.955,2628.66,2628.77,75,True
2024-09-23 05:30:00+00:00,2628.755,2628.76,2627.59,2628.155,198,True
2024-09-23 05:31:00+00:00,2628.15,2628.37,2627.87,2628.37,102,True
2024-09-23 05:32:00+00:00,2628.315,2628.315,2627.52,2627.88,111,True
2024-09-23 05:33:00+00:00,2627.85,2628.07,2627.6,2627.865,102,True
2024-09-23 05:34:00+00:00,2627.805,2628.09,2627.685,2627.905,104,True
2024-09-23 05:35:00+00:00,2627.91,2629.085,2627.875,2628.755,230,True
2024-09-23 05:36:00+00:00,2628.685,2628.935,2628.37,2628.815,163,True
2024-09-23 05:37:00+00:00,2628.815,2629.53,2628.795,2629.02,247,True
2024-09-23 05:38:00+00:00,2629.01,2629.645,2629.01,2629.3,169,True
2024-09-23 05:39:00+00:00,2629.28,2629.33,2629.01,2629.015,187,True
2024-09-23 05:40:00+00:00,2629.01,2629.62,2628.885,2629.205,153,True
2024-09-23 05:41:00+00:00,2629.21,2629.215,2628.785,2629.11,146,True
2024-09-23 05:42:00+00:00,2629.105,2629.22,2628.795,2629.09,88,True
2024-09-23 05:43:00+00:00,2629.085,2629.505,2629.085,2629.285,104,True
2024-09-23 05:44:00+00:00,2629.295,2630.325,2629.295,2630.325,113,True
2024-09-23 05:45:00+00:00,2630.32,2631.405,2630.285,2631.38,285,True
2024-09-23 05:46:00+00:00,2631.385,2631.4,2630.69,2630.99,178,True
2024-09-23 05:47:00+00:00,2630.985,2631.245,2630.725,2630.94,162,True
2024-09-23 05:48:00+00:00,2630.925,2631.17,2630.335,2630.9,188,True
2024-09-23 05:49:00+00:00,2630.805,2631.065,2630.525,2631.005,194,True
2024-09-23 05:50:00+00:00,2631.025,2631.31,2630.825,2631.26,169,True
2024-09-23 05:51:00+00:00,2631.215,2631.315,2630.58,2630.635,167,True
2024-09-23 05:52:00+00:00,2630.66,2630.825,2630.15,2630.165,85,True
2024-09-23 05:53:00+00:00,2630.12,2630.245,2629.725,2629.725,126,True
2024-09-23 05:54:00+00:00,2629.73,2629.73,2629.175,2629.445,166,True
2024-09-23 05:55:00+00:00,2629.44,2629.45,2629.1,2629.14,132,True
2024-09-23 05:56:00+00:00,2629.13,2629.24,2628.83,2629.13,166,True
2024-09-23 05:57:00+00:00,2629.135,2629.69,2628.73,2629.645,214,True
2024-09-23 05:58:00+00:00,2629.675,2629.75,2629.26,2629.75,132,True
2024-09-23 05:59:00+00:00,2629.73,2630.355,2629.55,2630.07,162,True
2024-09-23 06:00:00+00:00,2630.095,2630.145,2629.15,2629.36,199,True
2024-09-23 06:01:00+00:00,2629.335,2629.825,2629.245,2629.485,170,True
2024-09-23 06:02:00+00:00,2629.515,2629.615,2629.255,2629.475,126,True
2024-09-23 06:03:00+00:00,2629.48,2629.88,2629.47,2629.855,141,True
2024-09-23 06:04:00+00:00,2629.865,2629.865,2628.605,2629.005,233,True
2024-09-23 06:05:00+00:00,2629.0,2629.575,2628.635,2628.91,253,True
2024-09-23 06:06:00+00:00,2628.82,2629.53,2628.705,2629.515,190,True
2024-09-23 06:07:00+00:00,2629.505,2630.205,2629.215,2629.3,202,True
2024-09-23 06:08:00+00:00,2629.215,2629.22,2628.3,2628.52,180,True
2024-09-23 06:09:00+00:00,2628.515,2628.635,2628.23,2628.435,221,True
2024-09-23 06:10:00+00:00,2628.755,2628.89,2628.27,2628.335,154,True
2024-09-23 06:11:00+00:00,2628.285,2628.835,2627.82,2628.115,208,True
2024-09-23 06:12:00+00:00,2628.12,2629.05,2627.92,2628.895,218,True
2024-09-23 06:13:00+00:00,2628.935,2629.125,2628.73,2629.115,173,True
2024-09-23 06:14:00+00:00,2629.12,2629.61,2629.075,2629.54,163,True
2024-09-23 06:15:00+00:00,2629.57,2629.575,2628.53,2628.675,220,True
2024-09-23 06:16:00+00:00,2628.7,2629.17,2628.67,2628.965,128,True
2024-09-23 06:17:00+00:00,2628.825,2628.95,2628.595,2628.685,138,True
2024-09-23 06:18:00+00:00,2628.71,2628.71,2627.84,2628.195,168,True
2024-09-23 06:19:00+00:00,2628.215,2628.455,2627.92,2628.21,159,True
2024-09-23 06:20:00+00:00,2628.325,2628.7,2627.81,2628.205,201,True
2024-09-23 06:21:00+00:00,2628.125,2628.715,2628.1,2628.64,153,True
2024-09-23 06:22:00+00:00,2628.635,2628.725,2628.365,2628.46,125,True
2024-09-23 06:23:00+00:00,2628.465,2628.465,2627.95,2628.0,171,True
2024-09-23 06:24:00+00:00,2627.99,2627.99,2627.465,2627.665,221,True
2024-09-23 06:25:00+00:00,2627.66,2627.965,2627.435,2627.435,171,True
2024-09-23 06:26:00+00:00,2627.44,2627.45,2626.565,2626.61,286,True
2024-09-23 06:27:00+00:00,2626.625,2627.655,2626.49,2627.655,179,True
2024-09-23 06:28:00+00:00,2627.67,2628.6,2627.545,2628.28,180,True
2024-09-23 06:29:00+00:00,2628.255,2628.74,2628.205,2628.53,127,True
2024-09-23 06:30:00+00:00,2628.515,2628.595,2628.16,2628.43,99,True
2024-09-23 06:31:00+00:00,2628.505,2628.61,2627.9,2628.155,168,True
2024-09-23 06:32:00+00:00,2628.16,2628.775,2628.05,2628.76,132,True
2024-09-23 06:33:00+00:00,2628.67,2629.285,2628.605,2628.775,172,True
2024-09-23 06:34:00+00:00,2628.795,2629.115,2628.675,2628.845,123,True
2024-09-23 06:35:00+00:00,2628.84,2628.885,2628.185,2628.195,160,True
2024-09-23 06:36:00+00:00,2628.21,2628.32,2627.585,2628.01,141,True
2024-09-23 06:37:00+00:00,2628.0,2628.11,2627.68,2628.025,112,True
2024-09-23 06:38:00+00:00,2628.075,2628.075,2627.68,2627.785,100,True
2024-09-23 06:39:00+00:00,2627.82,2627.96,2627.155,2627.165,155,True
2024-09-23 06:40:00+00:00,2627.155,2627.555,2626.97,2627.375,116,True
2024-09-23 06:41:00+00:00,2627.295,2627.355,2626.8,2626.8,89,True
2024-09-23 06:42:00+00:00,2626.805,2626.925,2625.92,2625.96,237,True
2024-09-23 06:43:00+00:00,2625.955,2626.395,2625.945,2626.31,124,True
2024-09-23 06:44:00+00:00,2626.315,2626.81,2626.21,2626.72,130,True
2024-09-23 06:45:00+00:00,2626.69,2626.995,2626.395,2626.59,130,True
2024-09-23 06:46:00+00:00,2626.595,2626.85,2626.115,2626.775,137,True
2024-09-23 06:47:00+00:00,2626.78,2627.26,2626.275,2627.26,148,True
2024-09-23 06:48:00+00:00,2627.19,2627.345,2626.46,2626.545,138,True
2024-09-23 06:49:00+00:00,2626.535,2626.54,2626.045,2626.135,80,True
2024-09-23 06:50:00+00:00,2625.905,2626.035,2625.525,2625.64,68,True
2024-09-23 06:51:00+00:00,2625.63,2625.64,2625.215,2625.315,130,True
2024-09-23 06:52:00+00:00,2625.33,2625.55,2624.935,2624.935,154,True
2024-09-23 06:53:00+00:00,2624.94,2625.415,2624.94,2625.29,193,True
2024-09-23 06:54:00+00:00,2625.25,2625.43,2624.97,2625.135,136,True
2024-09-23 06:55:00+00:00,2625.15,2625.555,2624.72,2625.205,154,True
2024-09-23 06:56:00+00:00,2625.23,2625.53,2624.965,2624.98,155,True
2024-09-23 06:57:00+00:00,2625.065,2625.2,2624.79,2624.97,131,True
2024-09-23 06:58:00+00:00,2624.995,2625.3,2624.87,2625.255,202,True
2024-09-23 06:59:00+00:00,2625.25,2625.55,2624.55,2624.55,195,True
2024-09-23 07:00:00+00:00,2624.47,2624.85,2623.745,2624.415,252,True
2024-09-23 07:01:00+00:00,2624.45,2625.1,2624.23,2624.675,249,True
2024-09-23 07:02:00+00:00,2624.64,2624.92,2624.335,2624.6,203,True
2024-09-23 07:03:00+00:00,2624.6,2624.645,2623.51,2623.625,268,True
2024-09-23 07:04:00+00:00,2623.695,2623.695,2622.08,2622.22,317,True
2024-09-23 07:05:00+00:00,2622.17,2622.515,2621.645,2622.445,271,True
2024-09-23 07:06:00+00:00,2622.435,2622.775,2621.385,2621.505,270,True
2024-09-23 07:07:00+00:00,2621.505,2621.995,2620.915,2620.995,372,True
2024-09-23 07:08:00+00:00,2620.96,2621.89,2620.87,2621.885,260,True
2024-09-23 07:09:00+00:00,2621.875,2621.89,2621.09,2621.395,232,True
2024-09-23 07:10:00+00:00,2621.34,2621.96,2620.905,2621.595,267,True
2024-09-23 07:11:00+00:00,2621.59,2621.6,2621.075,2621.46,276,True
2024-09-23 07:12:00+00:00,2621.525,2621.91,2621.16,2621.805,212,True
2024-09-23 07:13:00+00:00,2621.75,2621.95,2621.39,2621.57,210,True
2024-09-23 07:14:00+00:00,2621.585,2621.78,2621.165,2621.465,245,True
2024-09-23 07:15:00+00:00,2621.37,2621.37,2619.855,2619.905,617,True
2024-09-23 07:16:00+00:00,2619.98,2620.515,2619.64,2620.07,382,True
2024-09-23 07:17:00+00:00,2620.095,2620.62,2619.76,2620.325,310,True
2024-09-23 07:18:00+00:00,2620.315,2620.395,2619.74,2619.85,313,True
2024-09-23 07:19:00+00:00,2619.86,2619.86,2619.245,2619.61,300,True
2024-09-23 07:20:00+00:00,2619.645,2619.65,2617.845,2618.48,303,True
2024-09-23 07:21:00+00:00,2618.47,2618.73,2617.81,2618.455,456,True
2024-09-23 07:22:00+00:00,2618.435,2619.12,2618.245,2618.61,358,True
2024-09-23 07:23:00+00:00,2618.545,2619.835,2618.5,2619.095,374,True
2024-09-23 07:24:00+00:00,2619.105,2619.775,2618.99,2619.015,396,True
2024-09-23 07:25:00+00:00,2619.01,2620.265,2618.85,2618.85,339,True
2024-09-23 07:26:00+00:00,2618.73,2618.78,2618.195,2618.675,310,True
2024-09-23 07:27:00+00:00,2618.68,2619.79,2618.42,2619.785,230,True
2024-09-23 07:28:00+00:00,2619.79,2619.945,2619.5,2619.68,218,True
2024-09-23 07:29:00+00:00,2619.695,2619.895,2619.045,2619.45,189,True
2024-09-23 07:30:00+00:00,2619.265,2620.35,2618.665,2619.02,476,True
2024-09-23 07:31:00+00:00,2619.025,2619.325,2618.55,2618.715,239,True
2024-09-23 07:32:00+00:00,2618.655,2620.085,2618.625,2619.84,325,True
2024-09-23 07:33:00+00:00,2619.845,2619.845,2618.53,2618.56,340,True
2024-09-23 07:34:00+00:00,2618.48,2618.48,2617.135,2617.135,333,True
2024-09-23 07:35:00+00:00,2617.14,2617.67,2616.82,2617.15,372,True
2024-09-23 07:36:00+00:00,2617.165,2617.21,2616.295,2616.37,335,True
2024-09-23 07:37:00+00:00,2616.38,2616.635,2615.48,2616.635,460,True
2024-09-23 07:38:00+00:00,2616.64,2616.64,2614.735,2614.835,471,True
2024-09-23 07:39:00+00:00,2614.845,2616.305,2614.845,2615.535,450,True
2024-09-23 07:40:00+00:00,2615.53,2616.145,2615.135,2615.4,451,True
2024-09-23 07:41:00+00:00,2615.335,2615.44,2614.945,2615.31,349,True
2024-09-23 07:42:00+00:00,2615.42,2616.46,2615.175,2616.28,369,True
2024-09-23 07:43:00+00:00,2616.27,2617.655,2616.18,2617.37,311,True
2024-09-23 07:44:00+00:00,2617.35,2617.35,2616.1,2616.54,290,True
2024-09-23 07:45:00+00:00,2616.535,2616.83,2616.095,2616.59,265,True
2024-09-23 07:46:00+00:00,2616.58,2616.595,2614.54,2615.165,386,True
2024-09-23 07:47:00+00:00,2615.19,2615.19,2613.89,2614.165,400,True
2024-09-23 07:48:00+00:00,2614.15,2614.765,2614.065,2614.645,272,True
2024-09-23 07:49:00+00:00,2614.725,2615.465,2614.725,2615.0,235,True
2024-09-23 07:50:00+00:00,2614.995,2615.24,2614.445,2614.445,221,True
2024-09-23 07:51:00+00:00,2614.455,2614.7,2614.175,2614.345,331,True
2024-09-23 07:52:00+00:00,2614.34,2615.14,2614.04,2614.92,387,True
2024-09-23 07:53:00+00:00,2614.95,2615.375,2614.565,2615.18,343,True
2024-09-23 07:54:00+00:00,2615.195,2615.215,2614.755,2614.965,343,True
2024-09-23 07:55:00+00:00,2614.985,2615.405,2614.385,2615.405,215,True
2024-09-23 07:56:00+00:00,2615.365,2616.095,2615.365,2615.475,178,True
2024-09-23 07:57:00+00:00,2615.42,2615.985,2615.38,2615.95,115,True
2024-09-23 07:58:00+00:00,2615.955,2616.05,2615.38,2615.875,250,True
2024-09-23 07:59:00+00:00,2615.81,2615.885,2615.175,2615.24,279,True
2024-09-23 08:00:00+00:00,2615.235,2616.05,2615.01,2615.925,453,True
2024-09-23 08:01:00+00:00,2615.875,2615.92,2614.705,2614.715,337,True
2024-09-23 08:02:00+00:00,2614.74,2615.89,2614.74,2615.425,320,True
2024-09-23 08:03:00+00:00,2615.43,2616.845,2615.355,2616.84,381,True
2024-09-23 08:04:00+00:00,2616.85,2617.46,2616.825,2616.95,386,True
2024-09-23 08:05:00+00:00,2616.925,2617.185,2616.51,2616.84,296,True
2024-09-23 08:06:00+00:00,2616.78,2617.845,2616.78,2617.38,329,True
2024-09-23 08:07:00+00:00,2617.395,2618.375,2617.37,2618.33,336,True
2024-09-23 08:08:00+00:00,2618.345,2618.59,2618.04,2618.245,134,True
2024-09-23 08:09:00+00:00,2618.22,2618.925,2618.145,2618.41,151,True
2024-09-23 08:10:00+00:00,2618.35,2618.975,2618.305,2618.535,171,True
2024-09-23 08:11:00+00:00,2618.55,2618.565,2617.635,2617.885,175,True
2024-09-23 08:12:00+00:00,2617.875,2617.98,2616.735,2616.93,209,True
2024-09-23 08:13:00+00:00,2616.72,2616.72,2616.14,2616.45,201,True
2024-09-23 08:14:00+00:00,2616.405,2617.02,2615.775,2617.02,264,True
2024-09-23 08:15:00+00:00,2617.035,2617.24,2616.6,2617.135,226,True
2024-09-23 08:16:00+00:00,2617.14,2617.155,2616.35,2616.66,241,True
2024-09-23 08:17:00+00:00,2616.64,2617.06,2616.275,2616.77,193,True
2024-09-23 08:18:00+00:00,2616.765,2616.8,2616.375,2616.6,91,True
2024-09-23 08:19:00+00:00,2616.51,2617.03,2616.07,2617.005,176,True
2024-09-23 08:20:00+00:00,2616.98,2618.63,2616.98,2618.51,183,True
2024-09-23 08:21:00+00:00,2618.45,2619.495,2618.025,2619.37,233,True
2024-09-23 08:22:00+00:00,2619.395,2619.4,2618.405,2618.945,223,True
2024-09-23 08:23:00+00:00,2618.94,2618.96,2618.4,2618.74,206,True
2024-09-23 08:24:00+00:00,2618.745,2619.06,2618.575,2618.98,174,True
2024-09-23 08:25:00+00:00,2618.925,2619.73,2618.625,2618.75,243,True
2024-09-23 08:26:00+00:00,2618.705,2618.885,2618.275,2618.765,224,True
2024-09-23 08:27:00+00:00,2618.775,2618.79,2617.08,2617.14,290,True
2024-09-23 08:28:00+00:00,2617.145,2617.37,2616.655,2617.0,240,True
2024-09-23 08:29:00+00:00,2617.01,2617.13,2616.365,2616.88,227,True
2024-09-23 08:30:00+00:00,2616.83,2617.065,2616.635,2616.945,272,True
2024-09-23 08:31:00+00:00,2616.87,2616.87,2615.545,2616.78,275,True
2024-09-23 08:32:00+00:00,2616.795,2616.83,2616.215,2616.61,239,True
2024-09-23 08:33:00+00:00,2616.575,2617.45,2616.43,2617.255,243,True
2024-09-23 08:34:00+00:00,2617.215,2617.87,2617.08,2617.635,203,True
2024-09-23 08:35:00+00:00,2617.645,2618.075,2617.375,2617.53,243,True
2024-09-23 08:36:00+00:00,2617.545,2617.55,2616.65,2616.915,286,True
2024-09-23 08:37:00+00:00,2616.905,2617.35,2616.84,2617.08,297,True
2024-09-23 08:38:00+00:00,2617.095,2617.13,2616.755,2616.905,189,True
2024-09-23 08:39:00+00:00,2616.895,2617.04,2616.435,2616.475,224,True
2024-09-23 08:40:00+00:00,2616.455,2616.545,2616.04,2616.05,262,True
2024-09-23 08:41:00+00:00,2616.055,2616.28,2615.65,2615.92,220,True
2024-09-23 08:42:00+00:00,2615.885,2616.805,2615.54,2616.77,214,True
2024-09-23 08:43:00+00:00,2616.815,2617.215,2616.815,2617.095,168,True
2024-09-23 08:44:00+00:00,2617.11,2617.13,2616.22,2616.43,130,True
2024-09-23 08:45:00+00:00,2616.435,2616.545,2615.645,2615.755,121,True
2024-09-23 08:46:00+00:00,2615.655,2616.38,2615.63,2616.135,136,True
2024-09-23 08:47:00+00:00,2616.13,2616.575,2616.04,2616.16,119,True
2024-09-23 08:48:00+00:00,2616.155,2616.795,2616.145,2616.245,141,True
2024-09-23 08:49:00+00:00,2616.225,2616.325,2615.935,2615.985,111,True
2024-09-23 08:50:00+00:00,2615.975,2616.125,2615.825,2616.045,128,True
2024-09-23 08:51:00+00:00,2616.04,2616.77,2615.955,2616.77,116,True
2024-09-23 08:52:00+00:00,2616.64,2617.305,2616.515,2617.305,143,True
2024-09-23 08:53:00+00:00,2617.3,2617.485,2617.175,2617.235,172,True
2024-09-23 08:54:00+00:00,2617.29,2617.405,2616.965,2616.98,135,True
2024-09-23 08:55:00+00:00,2616.985,2617.46,2616.935,2617.375,172,True
2024-09-23 08:56:00+00:00,2617.345,2617.425,2616.945,2617.36,156,True
2024-09-23 08:57:00+00:00,2617.375,2617.395,2616.67,2616.805,174,True
2024-09-23 08:58:00+00:00,2616.8,2616.805,2616.55,2616.805,109,True
2024-09-23 08:59:00+00:00,2616.79,2617.14,2616.74,2616.935,145,True
2024-09-23 09:00:00+00:00,2616.93,2617.225,2616.87,2617.01,100,True
2024-09-23 09:01:00+00:00,2617.055,2617.25,2616.79,2616.995,154,True
2024-09-23 09:02:00+00:00,2616.99,2617.245,2616.92,2617.2,90,True
2024-09-23 09:03:00+00:00,2617.19,2617.19,2616.79,2617.09,97,True
2024-09-23 09:04:00+00:00,2617.005,2617.325,2616.595,2616.615,181,True
2024-09-23 09:05:00+00:00,2616.605,2616.94,2616.355,2616.755,166,True
2024-09-23 09:06:00+00:00,2616.715,2616.72,2616.025,2616.46,183,True
2024-09-23 09:07:00+00:00,2616.465,2616.625,2616.15,2616.31,203,True
2024-09-23 09:08:00+00:00,2616.265,2616.58,2616.145,2616.495,137,True
2024-09-23 09:09:00+00:00,2616.48,2616.54,2615.735,2615.755,196,True
2024-09-23 09:10:00+00:00,2615.845,2616.28,2615.51,2616.055,252,True
2024-09-23 09:11:00+00:00,2616.06,2616.88,2616.045,2616.705,280,True
2024-09-23 09:12:00+00:00,2616.715,2617.045,2616.46,2616.92,248,True
2024-09-23 09:13:00+00:00,2616.93,2617.015,2616.685,2616.82,205,True
2024-09-23 09:14:00+00:00,2616.84,2616.865,2616.405,2616.405,210,True
2024-09-23 09:15:00+00:00,2616.42,2616.655,2616.405,2616.655,159,True
2024-09-23 09:16:00+00:00,2616.65,2617.445,2616.65,2617.39,133,True
2024-09-23 09:17:00+00:00,2617.405,2618.115,2617.345,2617.605,254,True
2024-09-23 09:18:00+00:00,2617.615,2617.93,2617.545,2617.7,197,True
2024-09-23 09:19:00+00:00,2617.685,2618.105,2617.465,2618.105,146,True
2024-09-23 09:20:00+00:00,2618.095,2618.13,2617.82,2618.035,105,True
2024-09-23 09:21:00+00:00,2618.135,2618.805,2618.135,2618.455,152,True
2024-09-23 09:22:00+00:00,2618.45,2618.7,2618.37,2618.395,98,True
2024-09-23 09:23:00+00:00,2618.375,2619.015,2618.23,2619.015,215,True
2024-09-23 09:24:00+00:00,2618.99,2619.105,2618.3,2618.445,151,True
2024-09-23 09:25:00+00:00,2618.4,2618.625,2618.4,2618.525,102,True
2024-09-23 09:26:00+00:00,2618.49,2618.815,2618.435,2618.785,125,True
2024-09-23 09:27:00+00:00,2618.78,2619.03,2618.67,2619.025,123,True
2024-09-23 09:28:00+00:00,2619.02,2619.41,2619.02,2619.41,120,True
2024-09-23 09:29:00+00:00,2619.395,2619.5,2618.77,2618.78,161,True
2024-09-23 09:30:00+00:00,2618.775,2618.775,2618.015,2618.16,177,True
2024-09-23 09:31:00+00:00,2618.175,2618.54,2617.67,2617.9,268,True
2024-09-23 09:32:00+00:00,2617.935,2619.04,2617.93,2619.035,321,True
2024-09-23 09:33:00+00:00,2619.115,2619.235,2618.295,2618.72,267,True
2024-09-23 09:34:00+00:00,2618.695,2619.225,2618.57,2618.905,203,True
2024-09-23 09:35:00+00:00,2618.9,2619.955,2618.89,2619.88,200,True
2024-09-23 09:36:00+00:00,2619.89,2620.24,2619.6,2620.24,130,True
2024-09-23 09:37:00+00:00,2620.215,2620.39,2619.785,2620.21,137,True
2024-09-23 09:38:00+00:00,2620.215,2620.435,2620.145,2620.19,101,True
2024-09-23 09:39:00+00:00,2620.185,2620.365,2619.94,2619.94,83,True
2024-09-23 09:40:00+00:00,2619.99,2620.235,2619.755,2620.005,106,True
2024-09-23 09:41:00+00:00,2619.97,2620.055,2619.65,2619.71,65,True
2024-09-23 09:42:00+00:00,2619.72,2619.905,2619.56,2619.75,94,True
2024-09-23 09:43:00+00:00,2619.735,2620.12,2619.71,2619.86,69,True
2024-09-23 09:44:00+00:00,2619.85,2620.045,2619.85,2619.92,67,True
2024-09-23 09:45:00+00:00,2619.865,2620.035,2619.515,2620.03,106,True
2024-09-23 09:46:00+00:00,2620.035,2620.24,2619.855,2619.95,78,True
2024-09-23 09:47:00+00:00,2620.305,2620.345,2619.955,2620.13,98,True
2024-09-23 09:48:00+00:00,2620.16,2620.8,2619.97,2620.7,156,True
2024-09-23 09:49:00+00:00,2620.695,2621.185,2620.685,2621.01,123,True
2024-09-23 09:50:00+00:00,2621.015,2621.28,2620.885,2621.135,134,True
2024-09-23 09:51:00+00:00,2621.15,2621.475,2620.89,2621.37,222,True
2024-09-23 09:52:00+00:00,2621.395,2621.695,2621.35,2621.375,159,True
2024-09-23 09:53:00+00:00,2621.42,2621.82,2621.155,2621.485,153,True
2024-09-23 09:54:00+00:00,2621.575,2621.91,2621.345,2621.86,135,True
2024-09-23 09:55:00+00:00,2621.855,2622.015,2621.665,2621.91,126,True
2024-09-23 09:56:00+00:00,2621.885,2621.915,2621.72,2621.755,74,True
2024-09-23 09:57:00+00:00,2621.745,2622.095,2621.735,2622.065,77,True
2024-09-23 09:58:00+00:00,2622.06,2622.065,2621.595,2621.795,99,True
2024-09-23 09:59:00+00:00,2621.82,2622.095,2621.63,2621.675,163,True
2024-09-23 10:00:00+00:00,2621.67,2621.67,2621.175,2621.345,117,True
2024-09-23 10:01:00+00:00,2621.33,2621.46,2620.905,2621.265,135,True
2024-09-23 10:02:00+00:00,2621.255,2621.835,2621.18,2621.26,197,True
2024-09-23 10:03:00+00:00,2621.255,2621.265,2620.82,2621.035,198,True
2024-09-23 10:04:00+00:00,2621.04,2621.845,2620.965,2621.81,154,True
2024-09-23 10:05:00+00:00,2622.025,2622.715,2622.015,2622.14,200,True
2024-09-23 10:06:00+00:00,2622.01,2622.5,2621.605,2621.61,160,True
2024-09-23 10:07:00+00:00,2621.59,2621.76,2621.02,2621.025,95,True
2024-09-23 10:08:00+00:00,2621.01,2622.175,2620.865,2622.09,112,True
2024-09-23 10:09:00+00:00,2622.075,2622.22,2621.785,2621.815,110,True
2024-09-23 10:10:00+00:00,2621.805,2621.98,2621.565,2621.83,111,True
2024-09-23 10:11:00+00:00,2621.82,2622.655,2621.82,2622.425,161,True
2024-09-23 10:12:00+00:00,2622.475,2622.52,2622.08,2622.415,124,True
2024-09-23 10:13:00+00:00,2622.42,2622.74,2622.4,2622.74,112,True
2024-09-23 10:14:00+00:00,2622.745,2623.065,2622.735,2623.06,132,True
2024-09-23 10:15:00+00:00,2623.055,2623.19,2622.845,2623.145,146,True
2024-09-23 10:16:00+00:00,2623.16,2623.545,2623.13,2623.365,214,True
2024-09-23 10:17:00+00:00,2623.375,2623.65,2623.29,2623.465,142,True
2024-09-23 10:18:00+00:00,2623.45,2623.505,2623.16,2623.205,96,True
2024-09-23 10:19:00+00:00,2623.185,2623.445,2623.03,2623.16,117,True
2024-09-23 10:20:00+00:00,2623.15,2623.475,2623.14,2623.405,106,True
2024-09-23 10:21:00+00:00,2623.37,2623.525,2623.155,2623.16,114,True
2024-09-23 10:22:00+00:00,2623.125,2623.24,2622.21,2622.225,126,True
2024-09-23 10:23:00+00:00,2622.155,2622.27,2621.84,2622.09,216,True
2024-09-23 10:24:00+00:00,2622.095,2622.385,2621.91,2622.045,227,True
2024-09-23 10:25:00+00:00,2622.08,2622.175,2621.88,2622.145,160,True
2024-09-23 10:26:00+00:00,2622.155,2622.275,2621.97,2622.105,140,True
2024-09-23 10:27:00+00:00,2622.14,2622.255,2622.005,2622.11,130,True
2024-09-23 10:28:00+00:00,2622.125,2622.34,2622.0,2622.3,130,True
2024-09-23 10:29:00+00:00,2622.305,2622.425,2621.7,2621.7,139,True
2024-09-23 10:30:00+00:00,2621.705,2621.885,2621.245,2621.795,216,True
2024-09-23 10:31:00+00:00,2621.81,2622.325,2621.705,2622.195,151,True
2024-09-23 10:32:00+00:00,2622.185,2622.58,2622.135,2622.405,167,True
2024-09-23 10:33:00+00:00,2622.42,2622.625,2622.27,2622.51,186,True
2024-09-23 10:34:00+00:00,2622.505,2622.52,2621.765,2622.225,178,True
2024-09-23 10:35:00+00:00,2622.23,2622.545,2622.045,2622.54,80,True
2024-09-23 10:36:00+00:00,2622.55,2622.99,2622.49,2622.945,162,True
2024-09-23 10:37:00+00:00,2622.915,2623.48,2622.915,2623.465,107,True
2024-09-23 10:38:00+00:00,2623.38,2623.67,2623.145,2623.51,199,True
2024-09-23 10:39:00+00:00,2623.54,2623.635,2623.36,2623.37,140,True
2024-09-23 10:40:00+00:00,2623.345,2623.57,2623.135,2623.475,279,True
2024-09-23 10:41:00+00:00,2623.47,2623.56,2623.145,2623.235,158,True
2024-09-23 10:42:00+00:00,2623.23,2623.57,2623.22,2623.57,144,True
2024-09-23 10:43:00+00:00,2623.64,2623.66,2623.05,2623.24,139,True
2024-09-23 10:44:00+00:00,2623.23,2623.33,2622.76,2622.795,196,True
2024-09-23 10:45:00+00:00,2622.8,2622.975,2622.605,2622.875,137,True
2024-09-23 10:46:00+00:00,2622.88,2623.04,2622.675,2622.815,56,True
2024-09-23 10:47:00+00:00,2622.805,2622.865,2622.32,2622.37,79,True
2024-09-23 10:48:00+00:00,2622.44,2622.575,2621.625,2621.765,155,True
2024-09-23 10:49:00+00:00,2621.695,2621.88,2621.305,2621.415,292,True
2024-09-23 10:50:00+00:00,2621.465,2622.71,2621.365,2622.48,241,True
2024-09-23 10:51:00+00:00,2622.5,2622.575,2622.205,2622.275,147,True
2024-09-23 10:52:00+00:00,2622.26,2622.52,2621.83,2621.835,154,True
2024-09-23 10:53:00+00:00,2621.86,2622.375,2621.265,2622.375,233,True
2024-09-23 10:54:00+00:00,2622.385,2622.395,2621.91,2621.975,170,True
2024-09-23 10:55:00+00:00,2621.97,2622.0,2621.375,2621.57,236,True
2024-09-23 10:56:00+00:00,2621.535,2622.47,2621.44,2622.45,226,True
2024-09-23 10:57:00+00:00,2622.49,2622.61,2622.02,2622.125,231,True
2024-09-23 10:58:00+00:00,2622.05,2622.24,2621.935,2622.15,184,True
2024-09-23 10:59:00+00:00,2622.145,2622.245,2621.495,2621.585,222,True
2024-09-23 11:00:00+00:00,2621.675,2622.265,2621.585,2622.055,243,True
2024-09-23 11:01:00+00:00,2622.06,2622.75,2622.05,2622.3,194,True
2024-09-23 11:02:00+00:00,2622.29,2622.68,2621.99,2621.99,177,True
2024-09-23 11:03:00+00:00,2622.03,2623.04,2622.02,2622.04,143,True
2024-09-23 11:04:00+00:00,2622.03,2622.525,2621.715,2622.495,89,True
2024-09-23 11:05:00+00:00,2622.595,2622.705,2622.31,2622.31,97,True
2024-09-23 11:06:00+00:00,2622.345,2622.48,2621.99,2622.235,167,True
2024-09-23 11:07:00+00:00,2622.23,2622.76,2622.115,2622.235,83,True
2024-09-23 11:08:00+00:00,2622.225,2622.95,2622.205,2622.93,85,True
2024-09-23 11:09:00+00:00,2622.975,2623.425,2622.975,2623.185,97,True
2024-09-23 11:10:00+00:00,2623.175,2623.605,2622.99,2623.59,96,True
2024-09-23 11:11:00+00:00,2623.805,2623.995,2623.47,2623.575,153,True
2024-09-23 11:12:00+00:00,2623.64,2623.74,2623.08,2623.16,81,True
2024-09-23 11:13:00+00:00,2623.17,2623.2,2622.785,2622.96,154,True
2024-09-23 11:14:00+00:00,2622.955,2623.0,2622.445,2622.45,86,True
2024-09-23 11:15:00+00:00,2622.435,2623.095,2622.305,2622.99,116,True
2024-09-23 11:16:00+00:00,2623.01,2623.47,2622.99,2623.12,136,True
2024-09-23 11:17:00+00:00,2623.115,2623.175,2622.69,2622.88,143,True
2024-09-23 11:18:00+00:00,2622.86,2623.095,2622.58,2623.03,148,True
2024-09-23 11:19:00+00:00,2623.07,2623.705,2623.065,2623.7,155,True
2024-09-23 11:20:00+00:00,2623.685,2624.105,2623.585,2623.825,216,True
2024-09-23 11:21:00+00:00,2623.83,2624.245,2623.595,2624.185,169,True
2024-09-23 11:22:00+00:00,2624.18,2624.195,2623.595,2623.6,178,True
2024-09-23 11:23:00+00:00,2623.595,2623.65,2623.055,2623.055,155,True
2024-09-23 11:24:00+00:00,2623.0,2623.0,2622.2,2622.295,133,True
2024-09-23 11:25:00+00:00,2622.3,2622.41,2622.115,2622.4,127,True
2024-09-23 11:26:00+00:00,2622.395,2623.035,2621.96,2622.89,181,True
2024-09-23 11:27:00+00:00,2622.815,2623.4,2622.815,2623.09,110,True
2024-09-23 11:28:00+00:00,2623.095,2623.185,2622.685,2622.8,102,True
2024-09-23 11:29:00+00:00,2622.795,2622.98,2622.71,2622.98,68,True
2024-09-23 11:30:00+00:00,2622.975,2624.17,2622.925,2624.02,156,True
2024-09-23 11:31:00+00:00,2624.045,2625.255,2623.945,2625.215,222,True
2024-09-23 11:32:00+00:00,2625.205,2625.205,2624.415,2624.755,220,True
2024-09-23 11:33:00+00:00,2624.76,2625.16,2624.665,2625.03,199,True
2024-09-23 11:34:00+00:00,2624.975,2625.62,2624.87,2625.485,161,True
2024-09-23 11:35:00+00:00,2625.5,2625.82,2625.425,2625.575,216,True
2024-09-23 11:36:00+00:00,2625.58,2625.8,2624.975,2625.44,292,True
2024-09-23 11:37:00+00:00,2625.385,2625.57,2624.265,2624.27,255,True
2024-09-23 11:38:00+00:00,2624.275,2624.45,2623.845,2623.855,140,True
2024-09-23 11:39:00+00:00,2623.86,2624.295,2623.8,2624.015,168,True
2024-09-23 11:40:00+00:00,2624.01,2624.065,2623.345,2623.41,165,True
2024-09-23 11:41:00+00:00,2623.455,2623.555,2623.005,2623.005,131,True
2024-09-23 11:42:00+00:00,2623.025,2623.625,2622.845,2623.385,178,True
2024-09-23 11:43:00+00:00,2623.395,2624.01,2623.09,2623.955,147,True
2024-09-23 11:44:00+00:00,2623.99,2624.0,2623.235,2623.265,167,True
2024-09-23 11:45:00+00:00,2623.26,2623.325,2622.055,2622.07,216,True
2024-09-23 11:46:00+00:00,2622.075,2623.085,2620.99,2623.035,329,True
2024-09-23 11:47:00+00:00,2623.16,2623.335,2622.745,2623.055,263,True
2024-09-23 11:48:00+00:00,2623.06,2623.44,2623.06,2623.44,180,True
2024-09-23 11:49:00+00:00,2623.45,2624.34,2623.45,2624.295,334,True
2024-09-23 11:50:00+00:00,2624.3,2624.35,2623.925,2624.24,193,True
2024-09-23 11:51:00+00:00,2624.205,2624.35,2623.915,2624.1,159,True
2024-09-23 11:52:00+00:00,2624.095,2624.095,2623.72,2623.995,129,True
2024-09-23 11:53:00+00:00,2623.97,2624.185,2623.905,2624.185,122,True
2024-09-23 11:54:00+00:00,2624.125,2624.145,2623.645,2623.74,114,True
2024-09-23 11:55:00+00:00,2623.75,2623.755,2623.57,2623.745,127,True
2024-09-23 11:56:00+00:00,2623.75,2624.135,2623.72,2624.095,130,True
2024-09-23 11:57:00+00:00,2624.085,2624.205,2623.975,2624.0,159,True
2024-09-23 11:58:00+00:00,2624.005,2624.175,2623.92,2624.125,111,True
2024-09-23 11:59:00+00:00,2624.125,2624.21,2623.835,2624.15,109,True
2024-09-23 12:00:00+00:00,2624.165,2624.405,2623.785,2624.385,271,True
2024-09-23 12:01:00+00:00,2624.39,2624.425,2623.76,2624.21,227,True
2024-09-23 12:02:00+00:00,2624.185,2624.315,2623.525,2623.915,196,True
2024-09-23 12:03:00+00:00,2623.905,2624.135,2623.755,2624.06,172,True
2024-09-23 12:04:00+00:00,2623.985,2624.185,2623.43,2623.64,122,True
2024-09-23 12:05:00+00:00,2623.56,2624.115,2623.135,2624.025,133,True
2024-09-23 12:06:00+00:00,2624.09,2625.155,2624.07,2625.145,138,True
2024-09-23 12:07:00+00:00,2625.155,2625.28,2624.625,2624.99,226,True
2024-09-23 12:08:00+00:00,2625.005,2625.285,2624.91,2625.2,201,True
2024-09-23 12:09:00+00:00,2625.205,2625.64,2625.0,2625.095,228,True
2024-09-23 12:10:00+00:00,2625.03,2625.335,2624.785,2625.1,243,True
2024-09-23 12:11:00+00:00,2625.125,2625.27,2624.71,2624.98,234,True
2024-09-23 12:12:00+00:00,2624.985,2625.01,2623.85,2624.19,241,True
2024-09-23 12:13:00+00:00,2624.16,2624.165,2623.415,2623.46,305,True
2024-09-23 12:14:00+00:00,2623.455,2623.455,2622.99,2623.39,262,True
2024-09-23 12:15:00+00:00,2623.385,2623.685,2623.045,2623.3,339,True
2024-09-23 12:16:00+00:00,2623.305,2623.445,2622.67,2622.75,281,True
2024-09-23 12:17:00+00:00,2622.755,2622.985,2621.785,2621.905,277,True
2024-09-23 12:18:00+00:00,2621.915,2622.705,2621.29,2621.535,309,True
2024-09-23 12:19:00+00:00,2621.53,2622.3,2621.07,2621.145,367,True
2024-09-23 12:20:00+00:00,2621.155,2622.49,2621.1,2621.9,447,True
2024-09-23 12:21:00+00:00,2621.93,2622.19,2620.84,2621.115,395,True
2024-09-23 12:22:00+00:00,2621.11,2621.17,2620.595,2621.14,342,True
2024-09-23 12:23:00+00:00,2621.15,2621.345,2620.76,2621.035,296,True
2024-09-23 12:24:00+00:00,2620.995,2621.27,2620.515,2620.61,300,True
2024-09-23 12:25:00+00:00,2620.675,2621.58,2620.115,2620.445,348,True
2024-09-23 12:26:00+00:00,2620.405,2620.915,2620.27,2620.84,183,True
2024-09-23 12:27:00+00:00,2620.835,2621.41,2620.62,2620.665,99,True
2024-09-23 12:28:00+00:00,2620.655,2621.395,2620.655,2621.27,75,True
2024-09-23 12:29:00+00:00,2621.255,2621.775,2621.25,2621.775,74,True
2024-09-23 12:30:00+00:00,2621.75,2622.96,2621.715,2622.79,273,True
2024-09-23 12:31:00+00:00,2622.765,2623.195,2622.215,2622.38,260,True
2024-09-23 12:32:00+00:00,2622.31,2622.595,2621.77,2622.07,232,True
2024-09-23 12:33:00+00:00,2622.065,2622.545,2621.63,2622.04,276,True
2024-09-23 12:34:00+00:00,2621.955,2622.525,2621.795,2622.52,218,True
2024-09-23 12:35:00+00:00,2622.495,2622.95,2622.435,2622.88,197,True
2024-09-23 12:36:00+00:00,2622.895,2623.27,2622.115,2623.26,261,True
2024-09-23 12:37:00+00:00,2623.275,2623.31,2622.67,2622.745,199,True
2024-09-23 12:38:00+00:00,2622.75,2623.13,2622.73,2622.785,189,True
2024-09-23 12:39:00+00:00,2622.795,2622.795,2622.54,2622.54,168,True
2024-09-23 12:40:00+00:00,2622.545,2623.64,2622.545,2622.865,224,True
2024-09-23 12:41:00+00:00,2622.855,2623.165,2622.1,2622.895,247,True
2024-09-23 12:42:00+00:00,2622.91,2623.605,2622.825,2623.04,202,True
2024-09-23 12:43:00+00:00,2623.125,2623.36,2622.975,2623.355,213,True
2024-09-23 12:44:00+00:00,2623.33,2624.145,2623.255,2624.07,205,True
2024-09-23 12:45:00+00:00,2624.065,2624.925,2624.065,2624.42,270,True
2024-09-23 12:46:00+00:00,2624.34,2624.635,2623.835,2624.425,205,True
2024-09-23 12:47:00+00:00,2624.33,2624.655,2624.125,2624.64,145,True
2024-09-23 12:48:00+00:00,2624.805,2625.92,2624.805,2625.715,260,True
2024-09-23 12:49:00+00:00,2625.72,2626.035,2625.64,2625.865,192,True
2024-09-23 12:50:00+00:00,2625.775,2626.125,2625.64,2625.845,332,True
2024-09-23 12:51:00+00:00,2625.84,2625.995,2625.565,2625.62,246,True
2024-09-23 12:52:00+00:00,2625.635,2625.985,2625.565,2625.95,220,True
2024-09-23 12:53:00+00:00,2625.935,2625.955,2625.59,2625.83,244,True
2024-09-23 12:54:00+00:00,2625.82,2625.925,2625.655,2625.85,171,True
2024-09-23 12:55:00+00:00,2625.895,2626.125,2624.93,2626.08,320,True
2024-09-23 12:56:00+00:00,2626.075,2626.455,2625.56,2626.355,268,True
2024-09-23 12:57:00+00:00,2626.36,2627.245,2626.275,2626.765,338,True
2024-09-23 12:58:00+00:00,2626.755,2627.295,2626.42,2627.17,340,True
2024-09-23 12:59:00+00:00,2627.165,2628.17,2626.615,2627.125,477,True
2024-09-23 13:00:00+00:00,2627.15,2627.64,2625.81,2625.87,462,True
2024-09-23 13:01:00+00:00,2625.905,2626.96,2625.685,2625.945,339,True
2024-09-23 13:02:00+00:00,2625.95,2627.205,2625.725,2627.19,346,True
2024-09-23 13:03:00+00:00,2627.155,2627.855,2626.945,2627.275,362,True
2024-09-23 13:04:00+00:00,2627.265,2627.87,2627.205,2627.405,304,True
2024-09-23 13:05:00+00:00,2627.455,2628.58,2627.455,2627.84,278,True
2024-09-23 13:06:00+00:00,2627.865,2628.355,2627.225,2627.575,302,True
2024-09-23 13:07:00+00:00,2627.58,2628.71,2627.375,2628.66,210,True
2024-09-23 13:08:00+00:00,2628.695,2629.045,2627.555,2627.755,253,True
2024-09-23 13:09:00+00:00,2627.74,2628.48,2627.585,2627.77,218,True
2024-09-23 13:10:00+00:00,2627.785,2628.395,2627.77,2628.185,199,True
2024-09-23 13:11:00+00:00,2628.175,2628.4,2627.9,2628.385,255,True
2024-09-23 13:12:00+00:00,2628.39,2628.96,2628.22,2628.495,265,True
2024-09-23 13:13:00+00:00,2628.51,2628.92,2628.29,2628.68,331,True
2024-09-23 13:14:00+00:00,2628.665,2629.455,2628.665,2629.17,329,True
2024-09-23 13:15:00+00:00,2629.15,2629.65,2629.07,2629.185,261,True
2024-09-23 13:16:00+00:00,2629.22,2629.858,2629.175,2629.565,240,True
2024-09-23 13:17:00+00:00,2629.595,2629.865,2628.93,2629.235,217,True
2024-09-23 13:18:00+00:00,2629.225,2629.235,2627.82,2627.95,302,True
2024-09-23 13:19:00+00:00,2627.96,2628.405,2627.46,2627.98,316,True
2024-09-23 13:20:00+00:00,2627.985,2628.67,2627.555,2628.63,249,True
2024-09-23 13:21:00+00:00,2628.73,2628.915,2628.02,2628.035,274,True
2024-09-23 13:22:00+00:00,2627.985,2628.94,2627.985,2628.82,264,True
2024-09-23 13:23:00+00:00,2628.815,2628.91,2628.39,2628.54,211,True
2024-09-23 13:24:00+00:00,2628.545,2629.635,2628.495,2629.62,226,True
2024-09-23 13:25:00+00:00,2629.685,2629.83,2629.285,2629.54,262,True
2024-09-23 13:26:00+00:00,2629.56,2630.25,2629.51,2629.895,294,True
2024-09-23 13:27:00+00:00,2629.89,2630.155,2629.74,2629.945,192,True
2024-09-23 13:28:00+00:00,2629.955,2630.775,2629.725,2629.79,357,True
2024-09-23 13:29:00+00:00,2629.775,2630.11,2629.435,2629.73,341,True
2024-09-23 13:30:00+00:00,2629.735,2629.86,2629.22,2629.355,281,True
2024-09-23 13:31:00+00:00,2629.34,2629.355,2627.62,2627.66,512,True
2024-09-23 13:32:00+00:00,2627.665,2628.3,2627.465,2627.655,459,True
2024-09-23 13:33:00+00:00,2627.66,2627.66,2626.825,2627.5,530,True
2024-09-23 13:34:00+00:00,2627.6,2627.98,2627.045,2627.06,387,True
2024-09-23 13:35:00+00:00,2627.02,2627.255,2626.44,2627.155,486,True
2024-09-23 13:36:00+00:00,2627.145,2628.19,2627.085,2627.54,485,True
2024-09-23 13:37:00+00:00,2627.535,2628.385,2627.33,2627.985,441,True
2024-09-23 13:38:00+00:00,2627.99,2628.485,2627.715,2628.465,382,True
2024-09-23 13:39:00+00:00,2628.49,2629.815,2628.465,2629.73,349,True
2024-09-23 13:40:00+00:00,2629.715,2629.945,2628.83,2629.75,379,True
2024-09-23 13:41:00+00:00,2629.765,2630.735,2629.685,2630.715,385,True
2024-09-23 13:42:00+00:00,2630.695,2631.835,2630.42,2630.92,352,True
2024-09-23 13:43:00+00:00,2630.895,2631.255,2630.595,2630.965,273,True
2024-09-23 13:44:00+00:00,2630.955,2631.0,2630.145,2630.45,236,True
2024-09-23 13:45:00+00:00,2632.555,2632.555,2626.825,2626.945,697,True
2024-09-23 13:46:00+00:00,2627.015,2627.53,2626.02,2627.005,609,True
2024-09-23 13:47:00+00:00,2627.085,2629.43,2626.93,2629.3,671,True
2024-09-23 13:48:00+00:00,2629.285,2630.34,2628.795,2629.345,596,True
2024-09-23 13:49:00+00:00,2629.35,2630.91,2629.275,2630.58,480,True
2024-09-23 13:50:00+00:00,2630.645,2632.035,2629.22,2631.94,532,True
2024-09-23 13:51:00+00:00,2631.94,2632.455,2630.03,2630.905,539,True
2024-09-23 13:52:00+00:00,2630.96,2631.99,2630.75,2631.725,431,True
2024-09-23 13:53:00+00:00,2631.675,2632.43,2630.57,2631.825,502,True
2024-09-23 13:54:00+00:00,2631.81,2634.365,2631.775,2633.995,562,True
2024-09-23 13:55:00+00:00,2634.005,2634.185,2632.625,2632.625,521,True
2024-09-23 13:56:00+00:00,2632.635,2633.935,2632.185,2633.51,525,True
2024-09-23 13:57:00+00:00,2633.38,2633.96,2633.15,2633.665,364,True
2024-09-23 13:58:00+00:00,2633.66,2634.245,2632.285,2632.85,433,True
2024-09-23 13:59:00+00:00,2632.855,2632.895,2631.99,2632.025,395,True
2024-09-23 14:00:00+00:00,2631.995,2632.73,2630.7,2631.725,555,True
2024-09-23 14:01:00+00:00,2631.72,2631.985,2630.495,2631.925,597,True
2024-09-23 14:02:00+00:00,2631.88,2633.565,2629.485,2629.545,593,True
2024-09-23 14:03:00+00:00,2629.49,2630.23,2628.035,2629.735,519,True
2024-09-23 14:04:00+00:00,2629.74,2630.865,2629.265,2630.805,535,True
2024-09-23 14:05:00+00:00,2630.8,2631.29,2630.215,2631.185,424,True
2024-09-23 14:06:00+00:00,2631.175,2631.395,2630.175,2630.545,373,True
2024-09-23 14:07:00+00:00,2630.57,2631.005,2629.885,2630.0,325,True
2024-09-23 14:08:00+00:00,2630.03,2630.21,2629.23,2629.72,342,True
2024-09-23 14:09:00+00:00,2629.715,2631.68,2629.715,2631.395,314,True
2024-09-23 14:10:00+00:00,2631.375,2632.63,2631.375,2632.29,298,True
2024-09-23 14:11:00+00:00,2632.315,2632.735,2630.82,2631.3,376,True
2024-09-23 14:12:00+00:00,2631.405,2631.405,2629.765,2630.115,349,True
2024-09-23 14:13:00+00:00,2630.13,2631.245,2629.905,2631.245,387,True
2024-09-23 14:14:00+00:00,2631.29,2631.6,2630.705,2631.04,330,True
2024-09-23 14:15:00+00:00,2631.035,2631.235,2630.295,2630.8,314,True
2024-09-23 14:16:00+00:00,2630.79,2631.555,2630.275,2630.76,368,True
2024-09-23 14:17:00+00:00,2630.765,2631.915,2630.645,2631.585,295,True
2024-09-23 14:18:00+00:00,2631.575,2631.95,2631.44,2631.935,314,True
2024-09-23 14:19:00+00:00,2631.93,2632.135,2630.995,2631.275,355,True
2024-09-23 14:20:00+00:00,2631.25,2631.97,2630.65,2630.94,380,True
2024-09-23 14:21:00+00:00,2630.945,2630.955,2629.89,2630.73,251,True
2024-09-23 14:22:00+00:00,2630.765,2631.27,2630.57,2630.995,253,True
2024-09-23 14:23:00+00:00,2631.06,2633.025,2631.0,2632.63,331,True
2024-09-23 14:24:00+00:00,2632.585,2633.445,2632.17,2633.215,310,True
2024-09-23 14:25:00+00:00,2633.23,2633.97,2633.07,2633.97,429,True
2024-09-23 14:26:00+00:00,2633.96,2634.605,2633.76,2634.15,362,True
2024-09-23 14:27:00+00:00,2634.145,2634.225,2633.7,2634.035,388,True
2024-09-23 14:28:00+00:00,2634.02,2634.74,2633.925,2634.06,341,True
2024-09-23 14:29:00+00:00,2634.12,2634.905,2634.12,2634.6,377,True
2024-09-23 14:30:00+00:00,2634.66,2634.885,2633.3,2633.935,399,True
2024-09-23 14:31:00+00:00,2633.945,2634.19,2633.19,2633.345,325,True
2024-09-23 14:32:00+00:00,2633.285,2633.985,2633.235,2633.735,355,True
2024-09-23 14:33:00+00:00,2633.75,2634.02,2633.425,2633.56,373,True
2024-09-23 14:34:00+00:00,2633.55,2633.65,2633.295,2633.47,319,True
2024-09-23 14:35:00+00:00,2633.515,2634.2,2633.375,2634.085,291,True
2024-09-23 14:36:00+00:00,2634.11,2634.76,2633.63,2634.62,314,True
2024-09-23 14:37:00+00:00,2634.625,2634.735,2634.03,2634.445,302,True
2024-09-23 14:38:00+00:00,2634.4,2634.43,2631.935,2631.935,362,True
2024-09-23 14:39:00+00:00,2631.91,2632.47,2630.925,2631.01,376,True
2024-09-23 14:40:00+00:00,2630.965,2630.975,2629.6,2630.15,464,True
2024-09-23 14:41:00+00:00,2630.205,2630.74,2629.58,2629.815,414,True
2024-09-23 14:42:00+00:00,2629.82,2630.68,2629.505,2630.445,477,True
2024-09-23 14:43:00+00:00,2630.44,2632.19,2630.415,2631.765,433,True
2024-09-23 14:44:00+00:00,2631.7,2632.62,2631.14,2632.355,380,True
2024-09-23 14:45:00+00:00,2632.345,2633.04,2631.96,2631.99,283,True
2024-09-23 14:46:00+00:00,2631.985,2632.1,2631.085,2631.785,271,True
2024-09-23 14:47:00+00:00,2631.84,2632.45,2631.45,2631.88,281,True
2024-09-23 14:48:00+00:00,2631.99,2632.785,2631.42,2632.185,269,True
2024-09-23 14:49:00+00:00,2632.23,2632.375,2630.855,2631.075,334,True
2024-09-23 14:50:00+00:00,2631.095,2632.315,2630.965,2632.035,261,True
2024-09-23 14:51:00+00:00,2632.075,2632.175,2631.67,2632.05,298,True
2024-09-23 14:52:00+00:00,2632.025,2632.535,2631.895,2632.35,236,True
2024-09-23 14:53:00+00:00,2632.29,2632.385,2630.805,2630.885,304,True
2024-09-23 14:54:00+00:00,2630.86,2631.785,2630.72,2631.05,351,True
2024-09-23 14:55:00+00:00,2631.055,2631.315,2630.22,2630.885,298,True
2024-09-23 14:56:00+00:00,2630.93,2630.93,2629.795,2630.78,309,True
2024-09-23 14:57:00+00:00,2630.785,2631.295,2630.66,2630.72,306,True
2024-09-23 14:58:00+00:00,2630.745,2630.97,2630.51,2630.735,227,True
2024-09-23 14:59:00+00:00,2630.745,2631.255,2630.42,2630.495,238,True
2024-09-23 15:00:00+00:00,2630.51,2630.94,2629.135,2629.285,309,True
2024-09-23 15:01:00+00:00,2629.355,2629.805,2628.615,2629.035,296,True
2024-09-23 15:02:00+00:00,2629.045,2630.235,2629.04,2630.015,324,True
2024-09-23 15:03:00+00:00,2630.06,2630.34,2627.965,2628.63,407,True
2024-09-23 15:04:00+00:00,2628.6,2629.19,2628.13,2628.135,347,True
2024-09-23 15:05:00+00:00,2628.165,2628.77,2627.74,2628.165,316,True
2024-09-23 15:06:00+00:00,2628.16,2628.26,2626.74,2626.74,403,True
2024-09-23 15:07:00+00:00,2626.685,2627.29,2625.825,2627.085,403,True
2024-09-23 15:08:00+00:00,2627.095,2627.5,2625.995,2626.2,251,True
2024-09-23 15:09:00+00:00,2626.225,2626.845,2626.0,2626.31,251,True
2024-09-23 15:10:00+00:00,2626.295,2627.585,2626.06,2627.245,367,True
2024-09-23 15:11:00+00:00,2627.21,2627.855,2626.98,2627.555,262,True
2024-09-23 15:12:00+00:00,2627.565,2629.005,2627.45,2628.705,372,True
2024-09-23 15:13:00+00:00,2628.69,2629.265,2628.57,2628.685,381,True
2024-09-23 15:14:00+00:00,2628.68,2629.21,2628.225,2628.39,360,True
2024-09-23 15:15:00+00:00,2628.415,2629.555,2628.215,2629.235,335,True
2024-09-23 15:16:00+00:00,2629.24,2629.795,2628.925,2628.95,360,True
2024-09-23 15:17:00+00:00,2628.97,2629.575,2628.97,2629.55,244,True
2024-09-23 15:18:00+00:00,2629.58,2630.27,2629.015,2629.985,384,True
2024-09-23 15:19:00+00:00,2629.995,2630.07,2629.335,2629.805,362,True
2024-09-23 15:20:00+00:00,2629.755,2630.58,2629.66,2630.175,334,True
2024-09-23 15:21:00+00:00,2630.14,2630.605,2629.715,2629.715,266,True
2024-09-23 15:22:00+00:00,2629.795,2629.86,2629.415,2629.49,327,True
2024-09-23 15:23:00+00:00,2629.45,2629.995,2629.13,2629.745,335,True
2024-09-23 15:24:00+00:00,2629.73,2630.075,2628.775,2630.03,322,True
2024-09-23 15:25:00+00:00,2630.025,2630.295,2629.955,2630.08,274,True
2024-09-23 15:26:00+00:00,2629.97,2630.21,2629.785,2629.895,212,True
2024-09-23 15:27:00+00:00,2629.92,2630.575,2629.635,2630.385,307,True
2024-09-23 15:28:00+00:00,2630.39,2632.085,2630.39,2631.82,477,True
2024-09-23 15:29:00+00:00,2631.645,2631.92,2631.34,2631.47,347,True
2024-09-23 15:30:00+00:00,2631.485,2631.655,2630.815,2631.19,318,True
2024-09-23 15:31:00+00:00,2631.185,2631.555,2631.01,2631.035,210,True
2024-09-23 15:32:00+00:00,2631.02,2631.68,2630.805,2631.1,301,True
2024-09-23 15:33:00+00:00,2631.18,2631.59,2630.615,2630.86,227,True
2024-09-23 15:34:00+00:00,2630.8,2631.05,2630.665,2630.785,161,True
2024-09-23 15:35:00+00:00,2630.83,2630.955,2630.625,2630.87,189,True
2024-09-23 15:36:00+00:00,2630.86,2631.08,2630.17,2630.615,197,True
2024-09-23 15:37:00+00:00,2630.625,2630.735,2630.275,2630.515,154,True
2024-09-23 15:38:00+00:00,2630.53,2631.115,2630.46,2630.785,164,True
2024-09-23 15:39:00+00:00,2630.79,2631.38,2630.705,2631.295,157,True
2024-09-23 15:40:00+00:00,2631.33,2631.34,2629.64,2629.765,262,True
2024-09-23 15:41:00+00:00,2629.76,2630.49,2629.755,2630.18,173,True
2024-09-23 15:42:00+00:00,2630.175,2630.455,2629.8,2629.935,244,True
2024-09-23 15:43:00+00:00,2629.95,2630.24,2629.95,2630.04,128,True
2024-09-23 15:44:00+00:00,2630.06,2630.06,2629.335,2629.63,192,True
2024-09-23 15:45:00+00:00,2629.795,2630.06,2629.555,2629.585,206,True
2024-09-23 15:46:00+00:00,2629.585,2630.455,2629.51,2630.455,153,True
2024-09-23 15:47:00+00:00,2630.46,2630.77,2630.035,2630.405,179,True
2024-09-23 15:48:00+00:00,2630.41,2631.015,2630.13,2630.94,163,True
2024-09-23 15:49:00+00:00,2630.935,2631.07,2630.375,2630.46,161,True
2024-09-23 15:50:00+00:00,2630.445,2630.64,2629.975,2630.0,138,True
2024-09-23 15:51:00+00:00,2630.015,2630.09,2629.655,2629.955,130,True
2024-09-23 15:52:00+00:00,2629.965,2630.675,2629.965,2630.405,148,True
2024-09-23 15:53:00+00:00,2630.425,2631.27,2630.425,2631.095,118,True
2024-09-23 15:54:00+00:00,2631.09,2631.1,2630.425,2630.93,163,True
2024-09-23 15:55:00+00:00,2630.935,2631.25,2630.215,2630.285,167,True
2024-09-23 15:56:00+00:00,2630.31,2630.31,2629.585,2629.785,180,True
2024-09-23 15:57:00+00:00,2629.89,2630.05,2628.96,2629.28,201,True
2024-09-23 15:58:00+00:00,2629.295,2629.73,2629.02,2629.255,226,True
2024-09-23 15:59:00+00:00,2629.27,2629.62,2629.02,2629.32,266,True
2024-09-23 16:00:00+00:00,2629.315,2629.55,2628.97,2629.26,267,True
2024-09-23 16:01:00+00:00,2629.275,2629.86,2629.11,2629.12,229,True
2024-09-23 16:02:00+00:00,2629.13,2629.4,2628.445,2628.67,200,True
2024-09-23 16:03:00+00:00,2628.675,2628.875,2628.65,2628.825,174,True
2024-09-23 16:04:00+00:00,2628.835,2628.895,2628.66,2628.87,162,True
2024-09-23 16:05:00+00:00,2628.98,2628.98,2628.675,2628.915,163,True
2024-09-23 16:06:00+00:00,2628.97,2629.255,2628.785,2628.995,136,True
2024-09-23 16:07:00+00:00,2628.985,2629.14,2628.795,2628.835,194,True
2024-09-23 16:08:00+00:00,2628.84,2629.055,2628.76,2628.81,160,True
2024-09-23 16:09:00+00:00,2628.775,2630.41,2628.775,2630.38,238,True
2024-09-23 16:10:00+00:00,2630.385,2630.52,2630.165,2630.42,255,True
2024-09-23 16:11:00+00:00,2630.445,2630.51,2630.09,2630.365,176,True
2024-09-23 16:12:00+00:00,2630.39,2630.905,2630.375,2630.585,167,True
2024-09-23 16:13:00+00:00,2630.58,2630.775,2629.74,2630.34,237,True
2024-09-23 16:14:00+00:00,2630.325,2630.325,2629.45,2629.455,250,True
2024-09-23 16:15:00+00:00,2629.485,2629.485,2627.375,2627.385,359,True
2024-09-23 16:16:00+00:00,2627.395,2628.205,2626.665,2627.66,381,True
2024-09-23 16:17:00+00:00,2627.65,2628.275,2627.46,2627.95,252,True
2024-09-23 16:18:00+00:00,2628.0,2628.895,2627.92,2628.88,244,True
2024-09-23 16:19:00+00:00,2628.885,2628.885,2627.92,2628.38,298,True
2024-09-23 16:20:00+00:00,2628.37,2628.745,2627.735,2627.76,276,True
2024-09-23 16:21:00+00:00,2627.765,2627.795,2626.85,2627.59,260,True
2024-09-23 16:22:00+00:00,2627.68,2627.735,2626.7,2626.845,191,True
2024-09-23 16:23:00+00:00,2626.835,2627.42,2626.825,2627.165,151,True
2024-09-23 16:24:00+00:00,2627.17,2627.285,2626.845,2627.2,168,True
2024-09-23 16:25:00+00:00,2627.21,2628.34,2627.01,2627.97,241,True
2024-09-23 16:26:00+00:00,2627.99,2628.54,2627.935,2628.335,166,True
2024-09-23 16:27:00+00:00,2628.355,2629.065,2628.355,2628.39,217,True
2024-09-23 16:28:00+00:00,2628.49,2629.03,2628.415,2628.78,231,True
2024-09-23 16:29:00+00:00,2628.77,2629.195,2628.475,2628.69,187,True
2024-09-23 16:30:00+00:00,2628.685,2628.685,2627.665,2627.665,160,True
2024-09-23 16:31:00+00:00,2627.65,2628.77,2627.385,2628.285,217,True
2024-09-23 16:32:00+00:00,2628.28,2628.55,2627.51,2627.92,392,True
2024-09-23 16:33:00+00:00,2627.915,2627.93,2626.695,2626.695,194,True
2024-09-23 16:34:00+00:00,2626.7,2627.535,2626.645,2627.215,202,True
2024-09-23 16:35:00+00:00,2627.28,2627.505,2626.87,2627.445,188,True
2024-09-23 16:36:00+00:00,2627.405,2628.665,2627.39,2628.6,156,True
2024-09-23 16:37:00+00:00,2628.605,2628.605,2628.0,2628.075,185,True
2024-09-23 16:38:00+00:00,2628.065,2628.42,2627.985,2628.205,143,True
2024-09-23 16:39:00+00:00,2628.16,2628.215,2627.57,2628.085,146,True
2024-09-23 16:40:00+00:00,2628.08,2628.08,2627.775,2627.905,94,True
2024-09-23 16:41:00+00:00,2627.93,2628.39,2627.855,2627.99,122,True
2024-09-23 16:42:00+00:00,2627.965,2628.66,2627.885,2628.58,111,True
2024-09-23 16:43:00+00:00,2628.585,2628.925,2628.54,2628.595,125,True
2024-09-23 16:44:00+00:00,2628.59,2628.98,2628.19,2628.3,126,True
2024-09-23 16:45:00+00:00,2628.31,2628.67,2627.69,2627.955,135,True
2024-09-23 16:46:00+00:00,2627.93,2627.93,2627.59,2627.865,126,True
2024-09-23 16:47:00+00:00,2627.86,2628.075,2627.85,2628.005,150,True
2024-09-23 16:48:00+00:00,2628.005,2628.49,2627.88,2628.1,150,True
2024-09-23 16:49:00+00:00,2628.145,2628.205,2627.595,2627.74,162,True
2024-09-23 16:50:00+00:00,2627.735,2627.97,2627.36,2627.76,165,True
2024-09-23 16:51:00+00:00,2627.755,2627.955,2627.69,2627.73,110,True
2024-09-23 16:52:00+00:00,2627.72,2627.895,2627.71,2627.72,73,True
2024-09-23 16:53:00+00:00,2627.745,2628.345,2627.71,2628.33,74,True
2024-09-23 16:54:00+00:00,2628.35,2628.63,2628.295,2628.395,122,True
2024-09-23 16:55:00+00:00,2628.37,2628.77,2628.115,2628.515,148,True
2024-09-23 16:56:00+00:00,2628.435,2628.99,2628.25,2628.85,155,True
2024-09-23 16:57:00+00:00,2628.835,2628.94,2628.155,2628.25,204,True
2024-09-23 16:58:00+00:00,2628.245,2628.455,2627.935,2628.325,161,True
2024-09-23 16:59:00+00:00,2628.345,2628.54,2628.21,2628.235,182,True
2024-09-23 17:00:00+00:00,2628.295,2628.37,2628.015,2628.105,163,True
2024-09-23 17:01:00+00:00,2628.11,2628.52,2628.02,2628.42,164,True
2024-09-23 17:02:00+00:00,2628.425,2628.865,2628.31,2628.75,183,True
2024-09-23 17:03:00+00:00,2628.755,2628.81,2628.495,2628.6,138,True
2024-09-23 17:04:00+00:00,2628.605,2628.67,2628.31,2628.41,111,True
2024-09-23 17:05:00+00:00,2628.395,2628.415,2628.085,2628.095,100,True
2024-09-23 17:06:00+00:00,2628.085,2628.1,2627.545,2628.06,115,True
2024-09-23 17:07:00+00:00,2628.015,2628.325,2627.975,2628.195,92,True
2024-09-23 17:08:00+00:00,2628.205,2628.725,2628.19,2628.605,109,True
2024-09-23 17:09:00+00:00,2628.615,2628.615,2628.28,2628.42,95,True
2024-09-23 17:10:00+00:00,2628.58,2628.91,2628.425,2628.74,111,True
2024-09-23 17:11:00+00:00,2628.745,2628.955,2628.605,2628.925,111,True
2024-09-23 17:12:00+00:00,2628.95,2629.145,2628.735,2628.835,173,True
2024-09-23 17:13:00+00:00,2628.84,2628.875,2628.385,2628.435,89,True
2024-09-23 17:14:00+00:00,2628.385,2628.46,2627.555,2627.56,130,True
2024-09-23 17:15:00+00:00,2627.565,2628.125,2627.355,2627.785,129,True
2024-09-23 17:16:00+00:00,2627.79,2628.395,2627.42,2628.36,143,True
2024-09-23 17:17:00+00:00,2628.365,2628.69,2628.2,2628.225,101,True
2024-09-23 17:18:00+00:00,2628.235,2628.395,2627.76,2627.765,142,True
2024-09-23 17:19:00+00:00,2627.78,2628.045,2627.45,2627.51,175,True
2024-09-23 17:20:00+00:00,2627.425,2628.23,2627.36,2628.075,121,True
2024-09-23 17:21:00+00:00,2628.09,2628.21,2627.53,2628.025,115,True
2024-09-23 17:22:00+00:00,2628.01,2628.505,2628.01,2628.385,74,True
2024-09-23 17:23:00+00:00,2628.305,2628.365,2627.78,2628.14,105,True
2024-09-23 17:24:00+00:00,2628.13,2628.275,2627.295,2627.44,121,True
2024-09-23 17:25:00+00:00,2627.465,2627.87,2627.465,2627.545,128,True
2024-09-23 17:26:00+00:00,2627.56,2627.6,2627.325,2627.545,106,True
2024-09-23 17:27:00+00:00,2627.55,2627.8,2627.37,2627.73,134,True
2024-09-23 17:28:00+00:00,2627.72,2628.175,2627.64,2627.665,153,True
2024-09-23 17:29:00+00:00,2627.645,2627.77,2627.4,2627.47,263,True
2024-09-23 17:30:00+00:00,2627.55,2628.23,2627.55,2627.945,223,True
2024-09-23 17:31:00+00:00,2627.94,2627.94,2626.925,2627.025,180,True
2024-09-23 17:32:00+00:00,2627.02,2627.035,2626.52,2626.625,171,True
2024-09-23 17:33:00+00:00,2626.61,2627.055,2626.57,2627.0,144,True
2024-09-23 17:34:00+00:00,2626.995,2627.095,2626.915,2626.955,102,True
2024-09-23 17:35:00+00:00,2626.93,2627.64,2626.91,2627.64,135,True
2024-09-23 17:36:00+00:00,2627.635,2627.78,2627.46,2627.6,82,True
2024-09-23 17:37:00+00:00,2627.63,2627.68,2627.455,2627.525,110,True
2024-09-23 17:38:00+00:00,2627.555,2627.675,2627.1,2627.105,120,True
2024-09-23 17:39:00+00:00,2627.11,2627.705,2627.11,2627.57,144,True
2024-09-23 17:40:00+00:00,2627.615,2628.725,2627.58,2628.715,125,True
2024-09-23 17:41:00+00:00,2628.755,2629.07,2628.73,2628.895,112,True
2024-09-23 17:42:00+00:00,2628.89,2628.99,2627.97,2628.33,126,True
2024-09-23 17:43:00+00:00,2628.34,2628.465,2628.04,2628.055,120,True
2024-09-23 17:44:00+00:00,2628.145,2628.18,2627.975,2628.005,107,True
2024-09-23 17:45:00+00:00,2628.02,2628.34,2627.87,2628.285,110,True
2024-09-23 17:46:00+00:00,2628.32,2628.32,2628.025,2628.095,110,True
2024-09-23 17:47:00+00:00,2628.1,2628.235,2627.645,2627.71,108,True
2024-09-23 17:48:00+00:00,2627.715,2628.26,2627.585,2628.185,162,True
2024-09-23 17:49:00+00:00,2628.19,2628.31,2628.075,2628.205,132,True
2024-09-23 17:50:00+00:00,2628.175,2628.37,2628.085,2628.35,134,True
2024-09-23 17:51:00+00:00,2628.37,2628.595,2628.305,2628.4,146,True
2024-09-23 17:52:00+00:00,2628.405,2628.435,2627.96,2628.185,103,True
2024-09-23 17:53:00+00:00,2628.19,2628.26,2627.995,2628.17,84,True
2024-09-23 17:54:00+00:00,2628.185,2628.265,2628.105,2628.235,86,True
2024-09-23 17:55:00+00:00,2628.24,2628.645,2628.24,2628.555,100,True
2024-09-23 17:56:00+00:00,2628.56,2628.7,2628.395,2628.675,99,True
2024-09-23 17:57:00+00:00,2628.695,2628.695,2628.3,2628.5,76,True
2024-09-23 17:58:00+00:00,2628.495,2628.595,2628.4,2628.59,92,True
2024-09-23 17:59:00+00:00,2628.555,2628.585,2628.05,2628.085,175,True
2024-09-23 18:00:00+00:00,2628.085,2628.085,2627.8,2627.9,126,True
2024-09-23 18:01:00+00:00,2627.895,2628.03,2627.435,2627.455,112,True
2024-09-23 18:02:00+00:00,2627.505,2627.505,2627.215,2627.355,89,True
2024-09-23 18:03:00+00:00,2627.445,2627.455,2627.04,2627.05,105,True
2024-09-23 18:04:00+00:00,2627.045,2627.06,2626.3,2626.46,109,True
2024-09-23 18:05:00+00:00,2626.435,2626.67,2626.04,2626.625,186,True
2024-09-23 18:06:00+00:00,2626.615,2626.795,2626.455,2626.615,102,True
2024-09-23 18:07:00+00:00,2626.625,2626.8,2626.395,2626.77,68,True
2024-09-23 18:08:00+00:00,2626.78,2626.92,2626.47,2626.765,111,True
2024-09-23 18:09:00+00:00,2626.75,2627.335,2626.595,2627.335,90,True
2024-09-23 18:10:00+00:00,2627.34,2627.775,2627.34,2627.755,116,True
2024-09-23 18:11:00+00:00,2627.77,2627.98,2627.685,2627.84,121,True
2024-09-23 18:12:00+00:00,2627.855,2627.875,2627.455,2627.605,114,True
2024-09-23 18:13:00+00:00,2627.65,2627.805,2627.55,2627.595,97,True
2024-09-23 18:14:00+00:00,2627.6,2628.255,2627.52,2628.04,132,True
2024-09-23 18:15:00+00:00,2628.04,2628.32,2628.005,2628.015,116,True
2024-09-23 18:16:00+00:00,2627.985,2627.985,2627.25,2627.35,81,True
2024-09-23 18:17:00+00:00,2627.295,2627.645,2627.295,2627.56,98,True
2024-09-23 18:18:00+00:00,2627.595,2627.85,2627.47,2627.75,51,True
2024-09-23 18:19:00+00:00,2627.755,2627.955,2627.555,2627.945,65,True
2024-09-23 18:20:00+00:00,2627.955,2627.96,2627.505,2627.54,86,True
2024-09-23 18:21:00+00:00,2627.59,2627.905,2627.54,2627.875,56,True
2024-09-23 18:22:00+00:00,2627.975,2627.975,2627.445,2627.775,140,True
2024-09-23 18:23:00+00:00,2627.84,2628.11,2627.675,2627.94,81,True
2024-09-23 18:24:00+00:00,2627.95,2628.165,2627.89,2628.145,55,True
2024-09-23 18:25:00+00:00,2628.13,2628.84,2627.935,2628.745,114,True
2024-09-23 18:26:00+00:00,2628.87,2628.87,2628.345,2628.53,116,True
2024-09-23 18:27:00+00:00,2628.295,2628.52,2628.295,2628.36,58,True
2024-09-23 18:28:00+00:00,2628.315,2628.46,2628.26,2628.27,20,True
2024-09-23 18:29:00+00:00,2628.32,2628.435,2628.245,2628.305,93,True
2024-09-23 18:30:00+00:00,2628.38,2628.63,2628.26,2628.59,67,True
2024-09-23 18:31:00+00:00,2628.6,2628.705,2628.125,2628.125,97,True
2024-09-23 18:32:00+00:00,2628.13,2628.395,2628.13,2628.215,67,True
2024-09-23 18:33:00+00:00,2628.23,2628.26,2628.005,2628.105,54,True
2024-09-23 18:34:00+00:00,2628.085,2628.205,2627.845,2628.16,65,True
2024-09-23 18:35:00+00:00,2628.25,2628.475,2628.06,2628.275,62,True
2024-09-23 18:36:00+00:00,2628.27,2628.27,2627.975,2628.125,49,True
2024-09-23 18:37:00+00:00,2628.115,2628.34,2627.96,2628.1,53,True
2024-09-23 18:38:00+00:00,2628.115,2628.21,2627.895,2627.895,61,True
2024-09-23 18:39:00+00:00,2627.875,2627.9,2627.51,2627.685,81,True
2024-09-23 18:40:00+00:00,2627.71,2627.8,2627.57,2627.63,67,True
2024-09-23 18:41:00+00:00,2627.615,2627.915,2627.585,2627.64,77,True
2024-09-23 18:42:00+00:00,2627.64,2627.7,2627.035,2627.25,136,True
2024-09-23 18:43:00+00:00,2627.235,2627.35,2627.175,2627.295,60,True
2024-09-23 18:44:00+00:00,2627.325,2627.54,2627.245,2627.43,92,True
2024-09-23 18:45:00+00:00,2627.44,2627.565,2627.14,2627.18,87,True
2024-09-23 18:46:00+00:00,2627.175,2627.545,2627.14,2627.545,89,True
2024-09-23 18:47:00+00:00,2627.555,2628.02,2627.385,2627.545,172,True
2024-09-23 18:48:00+00:00,2627.58,2627.585,2627.1,2627.135,67,True
2024-09-23 18:49:00+00:00,2627.16,2627.38,2627.115,2627.28,120,True
2024-09-23 18:50:00+00:00,2627.25,2627.26,2626.755,2626.755,114,True
2024-09-23 18:51:00+00:00,2626.725,2626.89,2626.565,2626.63,129,True
2024-09-23 18:52:00+00:00,2626.635,2627.005,2626.595,2626.87,130,True
2024-09-23 18:53:00+00:00,2626.845,2626.905,2626.705,2626.865,111,True
2024-09-23 18:54:00+00:00,2626.85,2627.075,2626.825,2626.895,97,True
2024-09-23 18:55:00+00:00,2626.88,2627.205,2626.79,2627.165,93,True
2024-09-23 18:56:00+00:00,2627.17,2627.495,2627.09,2627.485,126,True
2024-09-23 18:57:00+00:00,2627.51,2627.685,2627.095,2627.305,144,True
2024-09-23 18:58:00+00:00,2627.3,2627.6,2627.25,2627.51,135,True
2024-09-23 18:59:00+00:00,2627.495,2627.73,2627.215,2627.48,215,True
2024-09-23 19:00:00+00:00,2627.485,2627.485,2627.015,2627.24,184,True
2024-09-23 19:01:00+00:00,2627.235,2627.63,2627.2,2627.55,210,True
2024-09-23 19:02:00+00:00,2627.54,2627.64,2627.245,2627.54,79,True
2024-09-23 19:03:00+00:00,2627.565,2627.83,2627.175,2627.205,96,True
2024-09-23 19:04:00+00:00,2627.215,2627.29,2626.98,2627.165,107,True
2024-09-23 19:05:00+00:00,2627.175,2627.49,2627.05,2627.08,107,True
2024-09-23 19:06:00+00:00,2627.095,2627.19,2626.96,2627.045,85,True
2024-09-23 19:07:00+00:00,2627.065,2627.18,2626.8,2627.0,114,True
2024-09-23 19:08:00+00:00,2627.005,2627.255,2626.76,2627.255,142,True
2024-09-23 19:09:00+00:00,2627.2,2627.43,2627.12,2627.32,135,True
2024-09-23 19:10:00+00:00,2627.3,2627.54,2627.02,2627.02,171,True
2024-09-23 19:11:00+00:00,2627.04,2627.23,2626.875,2627.23,66,True
2024-09-23 19:12:00+00:00,2627.245,2627.45,2627.155,2627.31,43,True
2024-09-23 19:13:00+00:00,2627.355,2627.55,2627.255,2627.27,66,True
2024-09-23 19:14:00+00:00,2627.24,2627.24,2626.86,2626.955,33,True
2024-09-23 19:15:00+00:00,2626.905,2626.975,2626.845,2626.925,25,True
2024-09-23 19:16:00+00:00,2626.91,2627.07,2626.765,2627.07,42,True
2024-09-23 19:17:00+00:00,2627.035,2627.21,2627.035,2627.13,40,True
2024-09-23 19:18:00+00:00,2627.135,2627.35,2627.135,2627.25,27,True
2024-09-23 19:19:00+00:00,2627.245,2627.33,2626.93,2627.245,95,True
2024-09-23 19:20:00+00:00,2627.33,2627.34,2626.755,2626.81,67,True
2024-09-23 19:21:00+00:00,2626.705,2627.015,2626.69,2626.945,43,True
2024-09-23 19:22:00+00:00,2626.955,2627.005,2626.815,2626.98,72,True
2024-09-23 19:23:00+00:00,2626.98,2627.285,2626.965,2627.265,44,True
2024-09-23 19:24:00+00:00,2627.25,2627.395,2627.115,2627.38,74,True
2024-09-23 19:25:00+00:00,2627.39,2627.765,2627.305,2627.755,78,True
2024-09-23 19:26:00+00:00,2627.76,2627.91,2627.64,2627.715,52,True
2024-09-23 19:27:00+00:00,2627.75,2627.975,2627.72,2627.84,75,True
2024-09-23 19:28:00+00:00,2627.845,2627.89,2627.405,2627.605,79,True
2024-09-23 19:29:00+00:00,2627.61,2627.61,2627.29,2627.395,90,True
2024-09-23 19:30:00+00:00,2627.295,2627.295,2626.4,2626.805,109,True
2024-09-23 19:31:00+00:00,2626.81,2627.245,2626.765,2627.0,90,True
2024-09-23 19:32:00+00:00,2627.05,2627.3,2627.035,2627.045,77,True
2024-09-23 19:33:00+00:00,2627.05,2627.255,2627.04,2627.22,46,True
2024-09-23 19:34:00+00:00,2627.215,2627.355,2627.175,2627.205,73,True
2024-09-23 19:35:00+00:00,2627.215,2627.325,2627.175,2627.25,39,True
2024-09-23 19:36:00+00:00,2627.295,2627.61,2627.21,2627.42,75,True
2024-09-23 19:37:00+00:00,2627.41,2627.44,2627.215,2627.33,52,True
2024-09-23 19:38:00+00:00,2627.325,2627.34,2627.15,2627.235,36,True
2024-09-23 19:39:00+00:00,2627.24,2627.24,2626.615,2626.615,65,True
2024-09-23 19:40:00+00:00,2626.635,2626.955,2626.44,2626.645,57,True
2024-09-23 19:41:00+00:00,2626.62,2626.775,2626.5,2626.655,62,True
2024-09-23 19:42:00+00:00,2626.64,2626.88,2626.545,2626.685,40,True
2024-09-23 19:43:00+00:00,2626.64,2626.64,2626.34,2626.405,72,True
2024-09-23 19:44:00+00:00,2626.38,2626.4,2626.255,2626.29,84,True
2024-09-23 19:45:00+00:00,2626.26,2626.41,2626.005,2626.035,137,True
2024-09-23 19:46:00+00:00,2626.065,2626.36,2626.035,2626.21,124,True
2024-09-23 19:47:00+00:00,2626.21,2626.365,2626.055,2626.205,122,True
2024-09-23 19:48:00+00:00,2626.21,2626.41,2626.2,2626.265,136,True
2024-09-23 19:49:00+00:00,2626.25,2626.3,2625.96,2625.985,100,True
2024-09-23 19:50:00+00:00,2625.99,2626.605,2625.985,2626.52,165,True
2024-09-23 19:51:00+00:00,2626.56,2626.835,2626.44,2626.585,118,True
2024-09-23 19:52:00+00:00,2626.555,2626.72,2626.55,2626.59,59,True
2024-09-23 19:53:00+00:00,2626.615,2626.625,2626.23,2626.385,78,True
2024-09-23 19:54:00+00:00,2626.395,2626.43,2626.03,2626.18,119,True
2024-09-23 19:55:00+00:00,2626.17,2626.245,2625.81,2625.84,207,True
2024-09-23 19:56:00+00:00,2625.835,2626.05,2625.755,2625.86,146,True
2024-09-23 19:57:00+00:00,2625.9,2626.265,2625.7,2626.255,158,True
2024-09-23 19:58:00+00:00,2626.275,2626.385,2626.11,2626.32,163,True
2024-09-23 19:59:00+00:00,2626.325,2626.435,2626.27,2626.31,200,True
2024-09-23 20:00:00+00:00,2626.285,2626.875,2626.285,2626.75,181,True
2024-09-23 20:01:00+00:00,2626.735,2626.815,2626.73,2626.755,30,True
2024-09-23 20:02:00+00:00,2626.765,2626.93,2626.68,2626.74,41,True
2024-09-23 20:03:00+00:00,2626.715,2627.08,2626.715,2626.945,52,True
2024-09-23 20:04:00+00:00,2626.93,2626.995,2626.7,2626.725,33,True
2024-09-23 20:05:00+00:00,2626.69,2627.0,2626.69,2626.81,75,True
2024-09-23 20:06:00+00:00,2626.795,2627.08,2626.74,2626.78,43,True
2024-09-23 20:07:00+00:00,2626.785,2626.785,2626.455,2626.535,55,True
2024-09-23 20:08:00+00:00,2626.49,2626.68,2626.47,2626.655,47,True
2024-09-23 20:09:00+00:00,2626.67,2626.67,2626.46,2626.54,37,True
2024-09-23 20:10:00+00:00,2626.545,2626.7,2626.515,2626.555,36,True
2024-09-23 20:11:00+00:00,2626.565,2626.58,2626.55,2626.55,12,True
2024-09-23 20:12:00+00:00,2626.52,2626.525,2626.44,2626.48,28,True
2024-09-23 20:13:00+00:00,2626.47,2626.47,2626.415,2626.435,8,True
2024-09-23 20:14:00+00:00,2626.415,2626.415,2626.255,2626.255,44,True
2024-09-23 20:15:00+00:00,2626.25,2626.535,2626.235,2626.475,43,True
2024-09-23 20:16:00+00:00,2626.48,2626.55,2626.305,2626.5,89,True
2024-09-23 20:17:00+00:00,2626.475,2627.025,2626.445,2627.005,83,True
2024-09-23 20:18:00+00:00,2627.015,2627.095,2627.015,2627.085,18,True
2024-09-23 20:19:00+00:00,2627.035,2627.125,2626.96,2627.125,29,True
2024-09-23 20:20:00+00:00,2627.12,2627.125,2627.03,2627.09,33,True
2024-09-23 20:21:00+00:00,2627.055,2627.13,2627.025,2627.13,23,True
2024-09-23 20:22:00+00:00,2627.185,2627.21,2627.06,2627.185,45,True
2024-09-23 20:23:00+00:00,2627.17,2627.32,2627.17,2627.22,34,True
2024-09-23 20:24:00+00:00,2627.205,2627.35,2627.195,2627.275,26,True
2024-09-23 20:25:00+00:00,2627.3,2627.62,2627.215,2627.615,55,True
2024-09-23 20:26:00+00:00,2627.665,2627.7,2627.54,2627.61,61,True
2024-09-23 20:27:00+00:00,2627.595,2627.73,2627.545,2627.72,57,True
2024-09-23 20:28:00+00:00,2627.705,2627.945,2627.635,2627.82,62,True
2024-09-23 20:29:00+00:00,2627.795,2627.945,2627.715,2627.73,107,True
2024-09-23 20:30:00+00:00,2627.705,2627.805,2627.555,2627.69,57,True
2024-09-23 20:31:00+00:00,2627.745,2627.805,2627.645,2627.755,50,True
2024-09-23 20:32:00+00:00,2627.75,2627.795,2627.7,2627.76,23,True
2024-09-23 20:33:00+00:00,2627.775,2627.915,2627.745,2627.835,29,True
2024-09-23 20:34:00+00:00,2627.865,2627.87,2627.725,2627.75,34,True
2024-09-23 20:35:00+00:00,2627.755,2627.775,2627.66,2627.69,37,True
2024-09-23 20:36:00+00:00,2627.695,2627.75,2627.455,2627.455,44,True
2024-09-23 20:37:00+00:00,2627.355,2627.355,2627.165,2627.18,37,True
2024-09-23 20:38:00+00:00,2627.195,2627.22,2627.135,2627.21,34,True
2024-09-23 20:39:00+00:00,2627.205,2627.46,2627.205,2627.37,53,True
2024-09-23 20:40:00+00:00,2627.375,2627.405,2627.37,2627.385,13,True
2024-09-23 20:41:00+00:00,2627.41,2627.46,2627.355,2627.355,51,True
2024-09-23 20:42:00+00:00,2627.39,2627.465,2627.375,2627.43,34,True
2024-09-23 20:43:00+00:00,2627.42,2627.45,2627.31,2627.35,23,True
2024-09-23 20:44:00+00:00,2627.355,2627.605,2627.35,2627.46,36,True
2024-09-23 20:45:00+00:00,2627.51,2627.67,2627.5,2627.515,63,True
2024-09-23 20:46:00+00:00,2627.565,2627.79,2627.55,2627.7,55,True
2024-09-23 20:47:00+00:00,2627.69,2627.925,2627.62,2627.835,59,True
2024-09-23 20:48:00+00:00,2627.825,2627.825,2627.665,2627.665,18,True
2024-09-23 20:49:00+00:00,2627.66,2627.82,2627.65,2627.76,43,True
2024-09-23 20:50:00+00:00,2627.74,2627.91,2627.74,2627.905,44,True
2024-09-23 20:51:00+00:00,2627.91,2628.03,2627.88,2627.97,37,True
2024-09-23 20:52:00+00:00,2627.95,2628.535,2627.905,2628.535,45,True
2024-09-23 20:53:00+00:00,2628.53,2628.545,2628.24,2628.53,75,True
2024-09-23 20:54:00+00:00,2628.505,2628.57,2628.42,2628.51,35,True
2024-09-23 20:55:00+00:00,2628.475,2628.5,2628.345,2628.4,46,True
2024-09-23 20:56:00+00:00,2628.405,2628.625,2628.395,2628.465,51,True
2024-09-23 20:57:00+00:00,2628.45,2628.545,2628.285,2628.39,54,True
2024-09-23 20:58:00+00:00,2628.43,2628.55,2628.39,2628.53,25,True
2024-09-23 20:59:00+00:00,2628.615,2628.63,2628.61,2628.63,3,True
2024-09-23 22:04:00+00:00,2627.79,2627.79,2627.635,2627.745,4,True
2024-09-23 22:05:00+00:00,2627.795,2628.245,2627.695,2628.135,52,True
2024-09-23 22:06:00+00:00,2628.14,2628.445,2628.1,2628.385,28,True
2024-09-23 22:07:00+00:00,2628.53,2628.53,2628.335,2628.415,15,True
2024-09-23 22:08:00+00:00,2628.395,2628.395,2628.06,2628.21,52,True
2024-09-23 22:09:00+00:00,2628.22,2628.22,2627.77,2627.77,34,True
2024-09-23 22:10:00+00:00,2627.76,2628.245,2627.76,2628.035,33,True
2024-09-23 22:11:00+00:00,2628.02,2628.02,2627.845,2627.845,7,True
2024-09-23 22:12:00+00:00,2627.85,2628.185,2627.85,2628.03,32,True
2024-09-23 22:13:00+00:00,2627.985,2628.105,2627.985,2628.09,17,True
2024-09-23 22:14:00+00:00,2628.1,2628.32,2627.695,2627.71,27,True
2024-09-23 22:15:00+00:00,2627.685,2627.81,2627.655,2627.81,30,True
2024-09-23 22:16:00+00:00,2627.88,2627.91,2627.805,2627.91,13,True
2024-09-23 22:17:00+00:00,2627.905,2627.905,2627.715,2627.715,17,True
2024-09-23 22:18:00+00:00,2627.67,2627.81,2627.67,2627.76,13,True
2024-09-23 22:19:00+00:00,2627.725,2627.785,2627.31,2627.505,15,True
2024-09-23 22:20:00+00:00,2627.485,2627.815,2627.485,2627.705,31,True
2024-09-23 22:21:00+00:00,2627.7,2627.88,2627.695,2627.88,6,True
2024-09-23 22:22:00+00:00,2627.89,2628.08,2627.89,2628.08,7,True
2024-09-23 22:23:00+00:00,2628.05,2628.085,2627.96,2627.98,13,True
2024-09-23 22:24:00+00:00,2627.89,2628.06,2627.865,2628.01,19,True
2024-09-23 22:25:00+00:00,2628.09,2628.195,2628.08,2628.08,23,True
2024-09-23 22:26:00+00:00,2628.095,2628.095,2627.965,2628.0,19,True
2024-09-23 22:27:00+00:00,2628.015,2628.22,2628.01,2628.03,30,True
2024-09-23 22:28:00+00:00,2628.02,2628.065,2627.99,2627.99,19,True
2024-09-23 22:29:00+00:00,2628.0,2628.09,2627.995,2628.005,10,True
2024-09-23 22:30:00+00:00,2627.99,2628.195,2627.99,2628.085,18,True
2024-09-23 22:31:00+00:00,2627.995,2627.995,2627.875,2627.875,4,True
2024-09-23 22:32:00+00:00,2627.895,2627.895,2627.705,2627.77,13,True
2024-09-23 22:33:00+00:00,2627.75,2627.75,2627.66,2627.665,14,True
2024-09-23 22:34:00+00:00,2627.635,2627.78,2627.585,2627.75,25,True
2024-09-23 22:35:00+00:00,2627.775,2627.85,2627.76,2627.76,7,True
2024-09-23 22:36:00+00:00,2627.74,2627.74,2627.675,2627.675,9,True
2024-09-23 22:37:00+00:00,2627.68,2627.68,2627.565,2627.585,8,True
2024-09-23 22:38:00+00:00,2627.655,2627.655,2627.56,2627.58,10,True
2024-09-23 22:39:00+00:00,2627.54,2627.54,2627.52,2627.52,2,True
2024-09-23 22:40:00+00:00,2627.43,2627.525,2627.415,2627.415,14,True
2024-09-23 22:41:00+00:00,2627.43,2627.435,2627.415,2627.435,6,True
2024-09-23 22:42:00+00:00,2627.42,2627.435,2627.24,2627.24,20,True
2024-09-23 22:43:00+00:00,2627.265,2627.36,2627.22,2627.34,27,True
2024-09-23 22:44:00+00:00,2627.32,2627.44,2627.24,2627.43,21,True
2024-09-23 22:45:00+00:00,2627.345,2627.355,2627.33,2627.33,6,True
2024-09-23 22:46:00+00:00,2627.315,2627.45,2627.315,2627.425,11,True
2024-09-23 22:47:00+00:00,2627.455,2627.51,2627.335,2627.51,18,True
2024-09-23 22:48:00+00:00,2627.5,2627.555,2627.5,2627.555,4,True
2024-09-23 22:49:00+00:00,2627.58,2627.68,2627.58,2627.68,5,True
2024-09-23 22:50:00+00:00,2627.675,2627.675,2627.54,2627.57,10,True
2024-09-23 22:51:00+00:00,2627.56,2627.6,2627.46,2627.595,12,True
2024-09-23 22:52:00+00:00,2627.59,2627.665,2627.5,2627.655,17,True
2024-09-23 22:53:00+00:00,2627.65,2627.695,2627.63,2627.64,12,True
2024-09-23 22:54:00+00:00,2627.69,2627.755,2627.69,2627.74,6,True
2024-09-23 22:55:00+00:00,2627.595,2627.595,2627.56,2627.575,11,True
2024-09-23 22:56:00+00:00,2627.59,2627.595,2627.57,2627.58,9,True
2024-09-23 22:57:00+00:00,2627.575,2627.74,2627.575,2627.66,20,True
2024-09-23 22:58:00+00:00,2627.72,2627.76,2627.61,2627.62,15,True
2024-09-23 22:59:00+00:00,2627.625,2627.625,2627.515,2627.56,12,True
2024-09-23 23:00:00+00:00,2627.585,2627.6,2626.75,2626.75,36,True
2024-09-23 23:01:00+00:00,2626.82,2627.035,2626.61,2627.035,44,True
2024-09-23 23:02:00+00:00,2626.945,2627.04,2626.8,2626.805,34,True
2024-09-23 23:03:00+00:00,2626.825,2626.905,2626.51,2626.9,72,True
2024-09-23 23:04:00+00:00,2626.915,2627.03,2626.825,2626.95,39,True
2024-09-23 23:05:00+00:00,2626.955,2627.215,2626.945,2627.215,24,True
2024-09-23 23:06:00+00:00,2627.135,2627.225,2627.11,2627.11,24,True
2024-09-23 23:07:00+00:00,2627.115,2627.21,2627.115,2627.21,16,True
2024-09-23 23:08:00+00:00,2627.205,2627.305,2627.2,2627.2,22,True
2024-09-23 23:09:00+00:00,2627.275,2627.37,2627.125,2627.2,39,True
2024-09-23 23:10:00+00:00,2627.205,2627.205,2627.195,2627.205,8,True
2024-09-23 23:11:00+00:00,2627.115,2627.115,2626.865,2626.865,16,True
2024-09-23 23:12:00+00:00,2626.88,2626.895,2626.8,2626.89,26,True
2024-09-23 23:13:00+00:00,2626.895,2626.985,2626.885,2626.97,16,True
2024-09-23 23:14:00+00:00,2626.96,2626.96,2626.685,2626.715,27,True
2024-09-23 23:15:00+00:00,2626.765,2626.77,2626.64,2626.67,25,True
2024-09-23 23:16:00+00:00,2626.665,2626.675,2626.645,2626.67,10,True
2024-09-23 23:17:00+00:00,2626.68,2626.77,2626.66,2626.72,32,True
2024-09-23 23:18:00+00:00,2626.72,2626.815,2626.68,2626.79,18,True
2024-09-23 23:19:00+00:00,2626.79,2626.815,2626.69,2626.78,34,True
2024-09-23 23:20:00+00:00,2626.735,2626.75,2626.5,2626.5,63,True
2024-09-23 23:21:00+00:00,2626.505,2626.6,2626.5,2626.59,23,True
2024-09-23 23:22:00+00:00,2626.65,2626.675,2626.04,2626.2,56,True
2024-09-23 23:23:00+00:00,2626.21,2626.225,2626.135,2626.15,16,True
2024-09-23 23:24:00+00:00,2626.14,2626.25,2626.14,2626.25,13,True
2024-09-23 23:25:00+00:00,2626.245,2626.335,2626.175,2626.2,34,True
2024-09-23 23:26:00+00:00,2626.245,2626.265,2626.235,2626.245,18,True
2024-09-23 23:27:00+00:00,2626.25,2626.535,2626.25,2626.42,37,True
2024-09-23 23:28:00+00:00,2626.43,2626.485,2626.4,2626.43,21,True
2024-09-23 23:29:00+00:00,2626.425,2626.46,2626.255,2626.26,28,True
2024-09-23 23:30:00+00:00,2626.265,2626.36,2626.26,2626.275,23,True
2024-09-23 23:31:00+00:00,2626.28,2626.29,2626.17,2626.275,37,True
2024-09-23 23:32:00+00:00,2626.31,2626.355,2626.065,2626.145,13,True
2024-09-23 23:33:00+00:00,2626.155,2626.155,2626.08,2626.15,39,True
2024-09-23 23:34:00+00:00,2626.1,2626.25,2626.08,2626.21,24,True
2024-09-23 23:35:00+00:00,2626.215,2626.265,2626.16,2626.165,14,True
2024-09-23 23:36:00+00:00,2626.13,2626.2,2626.085,2626.2,58,True
2024-09-23 23:37:00+00:00,2626.195,2626.55,2626.19,2626.55,31,True
2024-09-23 23:38:00+00:00,2626.48,2626.64,2626.48,2626.595,29,True
2024-09-23 23:39:00+00:00,2626.59,2626.595,2626.43,2626.47,32,True
2024-09-23 23:40:00+00:00,2626.465,2626.47,2626.16,2626.27,36,True
2024-09-23 23:41:00+00:00,2626.265,2626.27,2626.2,2626.21,17,True
2024-09-23 23:42:00+00:00,2626.17,2626.17,2625.935,2626.01,22,True
2024-09-23 23:43:00+00:00,2626.03,2626.075,2625.91,2626.035,41,True
2024-09-23 23:44:00+00:00,2626.04,2626.225,2626.04,2626.155,33,True
2024-09-23 23:45:00+00:00,2626.165,2626.485,2626.07,2626.485,66,True
2024-09-23 23:46:00+00:00,2626.49,2626.535,2626.27,2626.365,70,True
2024-09-23 23:47:00+00:00,2626.36,2626.555,2626.355,2626.355,30,True
2024-09-23 23:48:00+00:00,2626.33,2626.45,2626.14,2626.155,26,True
2024-09-23 23:49:00+00:00,2626.135,2626.255,2626.06,2626.16,43,True
2024-09-23 23:50:00+00:00,2626.155,2626.345,2626.155,2626.335,58,True
2024-09-23 23:51:00+00:00,2626.34,2626.46,2626.265,2626.455,43,True
2024-09-23 23:52:00+00:00,2626.45,2626.515,2626.34,2626.495,13,True
2024-09-23 23:53:00+00:00,2626.505,2626.535,2626.41,2626.435,21,True
2024-09-23 23:54:00+00:00,2626.455,2626.52,2626.445,2626.52,35,True
2024-09-23 23:55:00+00:00,2626.505,2626.605,2626.44,2626.605,25,True
2024-09-23 23:56:00+00:00,2626.62,2626.62,2626.26,2626.32,27,True
2024-09-23 23:57:00+00:00,2626.325,2626.325,2626.105,2626.135,52,True
2024-09-23 23:58:00+00:00,2626.13,2626.265,2626.035,2626.25,34,True
2024-09-23 23:59:00+00:00,2626.29,2626.46,2626.2,2626.435,61,True
